Metric,temp_3 (Â°C),SR (W/mt2),PM2.5 (Âµg/mÂ³),WS (m/s),PM10 (Âµg/mÂ³),NO2 (Âµg/mÂ³),AC POWER-3 (W),AC CURRENT-1 (A),AC VOLTAGE-3 (V),DC-Voltage,DC-Power,metric_date,metric_time,dust_conc
11/1/2023 0:00,57.1,4.5,431.8,0.1,431.8,60.29,11644,46.61,252.3,657.6,18425,2023-11-01,00:00:00,159.945818866824
11/1/2023 0:15,57.1,4.3,431.8,0.1,431.8,65,11644,46.61,252.3,657.6,18425,2023-11-01,00:15:00,159.945818866824
11/1/2023 0:30,57.1,4.6,431.8,0.18,431.8,63.72,11644,46.61,252.3,657.6,18425,2023-11-01,00:30:00,155.763412320157
11/1/2023 0:45,57.1,4.7,398.9,0.09,398.9,65.5,11644,46.61,252.3,657.6,18425,2023-11-01,00:45:00,160.468619685158
11/1/2023 1:00,57.1,4.7,398.9,0.09,398.9,55.53,11644,46.61,252.3,657.6,18425,2023-11-01,01:00:00,160.468619685158
11/1/2023 1:15,57.1,4.7,398.9,0.09,398.9,55.53,11644,46.61,252.3,657.6,18425,2023-11-01,01:15:00,160.468619685158
11/1/2023 1:30,57.1,4.7,429,0.1,429,61.66,11644,46.61,252.3,657.6,18425,2023-11-01,01:30:00,159.945818866824
11/1/2023 1:45,57.1,4.8,429,0.09,429,60.18,11644,46.61,252.3,657.6,18425,2023-11-01,01:45:00,160.468619685158
11/1/2023 2:00,57.1,4.7,429,0.1,429,61.17,11644,46.61,252.3,657.6,18425,2023-11-01,02:00:00,159.945818866824
11/1/2023 2:15,57.1,4.8,409.7,0.1,409.7,48.37,11644,46.61,252.3,657.6,18425,2023-11-01,02:15:00,159.945818866824
11/1/2023 2:30,57.1,4.9,404.7,0.09,404.7,53.76,11644,46.61,252.3,657.6,18425,2023-11-01,02:30:00,160.468619685158
11/1/2023 2:45,57.1,4.8,404.7,0.1,404.7,49.64,11644,46.61,252.3,657.6,18425,2023-11-01,02:45:00,159.945818866824
11/1/2023 3:00,57.1,4.7,404.7,0.1,404.7,46.44,11644,46.61,252.3,657.6,18425,2023-11-01,03:00:00,159.945818866824
11/1/2023 3:15,57.1,4.7,404.7,0.1,404.7,46.44,11644,46.61,252.3,657.6,18425,2023-11-01,03:15:00,159.945818866824
11/1/2023 3:30,57.1,4.9,397.8,0.1,397.8,49.35,11644,46.61,252.3,657.6,18425,2023-11-01,03:30:00,159.945818866824
11/1/2023 3:45,57.1,5,397.8,0.1,397.8,46.67,11644,46.61,252.3,657.6,18425,2023-11-01,03:45:00,159.945818866824
11/1/2023 4:00,57.1,4.8,397.8,0.1,397.8,42.94,11644,46.61,252.3,657.6,18425,2023-11-01,04:00:00,159.945818866824
11/1/2023 4:15,57.1,4.8,388.4,0.1,388.4,50.59,11644,46.61,252.3,657.6,18425,2023-11-01,04:15:00,159.945818866824
11/1/2023 4:30,57.1,4.8,386,0.1,386,47.56,11644,46.61,252.3,657.6,18425,2023-11-01,04:30:00,159.945818866824
11/1/2023 4:45,57.1,4.8,386,0.1,386,47.32,11644,46.61,252.3,657.6,18425,2023-11-01,04:45:00,159.945818866824
11/1/2023 5:00,57.1,4.8,386,0.1,386,47.32,11644,46.61,252.3,657.6,18425,2023-11-01,05:00:00,159.945818866824
11/1/2023 5:15,57.1,4.8,369.6,0.1,369.6,39.72,11644,46.61,252.3,657.6,18425,2023-11-01,05:15:00,159.945818866824
11/1/2023 5:30,57.1,5,365.5,0.1,365.5,43.38,11644,46.61,252.3,657.6,18425,2023-11-01,05:30:00,159.945818866824
11/1/2023 5:45,57.1,4.9,365.5,0.1,365.5,45.11,11644,46.61,252.3,657.6,18425,2023-11-01,05:45:00,159.945818866824
11/1/2023 6:00,57.1,4.9,365.5,0.1,365.5,38.38,11644,46.61,252.3,657.6,18425,2023-11-01,06:00:00,159.945818866824
11/1/2023 6:15,57.1,5.1,350,0.1,350,43.1,11644,46.61,252.3,657.6,18425,2023-11-01,06:15:00,159.945818866824
11/1/2023 6:30,57.1,5.6,346.1,0.1,346.1,38.27,11644,46.61,252.3,657.6,18425,2023-11-01,06:30:00,159.945818866824
11/1/2023 6:45,57.1,8.2,346.1,0.1,346.1,30.77,11644,46.61,252.3,657.6,18425,2023-11-01,06:45:00,159.945818866824
11/1/2023 7:00,57.1,14.8,346.1,0.1,346.1,42.15,11644,46.61,252.3,657.6,18425,2023-11-01,07:00:00,159.945818866824
11/1/2023 7:15,57.1,23.3,323.6,0.1,323.6,32.33,11644,46.61,252.3,657.6,18425,2023-11-01,07:15:00,159.945818866824
11/1/2023 7:30,57.1,33.9,317.9,0.1,317.9,42.53,11644,46.61,252.3,657.6,18425,2023-11-01,07:30:00,159.945818866824
11/1/2023 7:45,57.1,44.5,317.9,0.1,317.9,41.98,11644,46.61,252.3,657.6,18425,2023-11-01,07:45:00,159.945818866824
11/1/2023 8:00,57.1,57.4,317.9,0.09,317.9,40.07,11644,46.61,252.3,657.6,18425,2023-11-01,08:00:00,160.468619685158
11/1/2023 8:15,57.1,68.7,316.6,0.1,316.6,48.06,11644,46.61,252.3,657.6,18425,2023-11-01,08:15:00,159.945818866824
11/1/2023 8:30,57.1,102.6,316.6,0.21,316.6,53.63,11644,46.61,252.3,657.6,18425,2023-11-01,08:30:00,154.195009865156
11/1/2023 8:45,57.1,146.3,316,0.58,316,44.33,11644,46.61,252.3,657.6,18425,2023-11-01,08:45:00,134.851379586818
11/1/2023 9:00,57.1,164.7,316,0.56,316,41.83,11644,46.61,252.3,657.6,18425,2023-11-01,09:00:00,135.896981223485
11/1/2023 9:15,57.1,183.2,313.6,0.81,313.6,40.23,11644,46.61,252.3,657.6,18425,2023-11-01,09:15:00,122.826960765148
11/1/2023 9:30,57.1,205.4,313,0.75,313,48.4,11644,46.61,252.3,657.6,18425,2023-11-01,09:30:00,125.963765675149
11/1/2023 9:45,57.1,220.1,313,0.63,313,41.97,11644,46.61,252.3,657.6,18425,2023-11-01,09:45:00,132.237375495151
11/1/2023 10:00,57.1,234,313,0.7,313,53.9,11644,46.61,252.3,657.6,18425,2023-11-01,09:45:00,128.577769766817
11/1/2023 10:15,57.1,234,313,0.7,313,53.9,11644,46.61,252.3,657.6,18425,2023-11-01,09:45:00,128.577769766817
11/1/2023 10:30,57.1,270.7,317.1,0.59,317.1,66.12,11644,46.61,252.3,657.6,18425,2023-11-01,09:45:00,134.328578768485
11/1/2023 10:45,57.1,288.6,317.1,0.48,317.1,58.31,11644,46.61,252.3,657.6,18425,2023-11-01,09:45:00,140.079387770153
11/1/2023 11:00,57.1,313.8,317.1,0.69,317.1,42.94,11644,46.61,252.3,657.6,18425,2023-11-01,09:45:00,129.10057058515
11/1/2023 11:15,57.1,317.6,318.4,0.51,318.4,35.05,11644,46.61,252.3,657.6,18425,2023-11-01,09:45:00,138.510985315152
11/1/2023 11:30,57.1,331.2,318.7,0.6,318.7,38.95,11644,46.61,252.3,657.6,18425,2023-11-01,09:45:00,133.805777950151
11/1/2023 11:45,57.1,332.4,318.7,0.58,318.7,21.04,11644,46.61,252.3,657.6,18425,2023-11-01,09:45:00,134.851379586818
11/1/2023 12:00,57.1,327.5,318.7,0.64,318.7,10.92,11644,46.61,252.3,657.6,18425,2023-11-01,09:45:00,131.714574676817
11/1/2023 12:15,57.1,326.5,301,0.12,301,18.87,11644,46.61,252.3,657.6,18425,2023-11-01,09:45:00,158.900217230158
11/1/2023 12:30,57.1,288.7,296.5,0.11,296.5,30.76,11644,46.61,252.3,657.6,18425,2023-11-01,09:45:00,159.423018048491
11/1/2023 12:45,57.1,242.3,296.5,0.73,296.5,26.61,11644,46.61,252.3,657.6,18425,2023-11-01,09:45:00,127.009367311816
11/1/2023 13:00,57.1,276.8,296.5,0.39,296.5,30.73,11644,46.61,252.3,657.6,18425,2023-11-01,09:45:00,144.784595135154
11/1/2023 13:15,57.1,258,301.1,0.3,301.1,18.28,11644,46.61,252.3,657.6,18425,2023-11-01,09:45:00,149.489802500155
11/1/2023 13:30,57.1,238.1,302.1,0.58,302.1,20.37,11644,46.61,252.3,657.6,18425,2023-11-01,09:45:00,134.851379586818
11/1/2023 13:45,57.1,196.7,302.1,0.95,302.1,22.76,11644,46.61,252.3,657.6,18425,2023-11-01,09:45:00,115.50774930848
11/1/2023 14:00,57.1,197.9,302.1,0.83,302.1,8.14,11644,46.61,252.3,657.6,18425,2023-11-01,09:45:00,121.781359128481
11/1/2023 14:15,57.1,194.7,328.3,1.06,328.3,20.05,11644,46.61,252.3,657.6,18425,2023-11-01,09:45:00,109.756940306812
11/1/2023 14:30,57.1,190.3,334.9,0.96,334.9,16.5,11644,46.61,252.3,657.6,18425,2023-11-01,09:45:00,114.984948490146
11/1/2023 14:45,57.1,184.2,334.9,0.94,334.9,12.41,11644,46.61,252.3,657.6,18425,2023-11-01,09:45:00,116.030550126813
11/1/2023 15:00,57.1,177.8,334.9,0.82,334.9,15.34,11644,46.61,252.3,657.6,18425,2023-11-01,09:45:00,122.304159946815
11/1/2023 15:15,57.1,150.1,303.3,0.7,303.3,18.92,11644,46.61,252.3,657.6,18425,2023-11-01,09:45:00,128.577769766817
11/1/2023 15:30,57.1,98,295.3,0.6,295.3,17.94,11644,46.61,252.3,657.6,18425,2023-11-01,09:45:00,133.805777950151
11/1/2023 15:45,57.1,82.2,295.3,0.86,295.3,11.93,11644,46.61,252.3,657.6,18425,2023-11-01,09:45:00,120.212956673481
11/1/2023 16:00,57.1,60.3,295.3,0.59,295.3,29.75,11644,46.61,252.3,657.6,18425,2023-11-01,09:45:00,134.328578768485
11/1/2023 16:15,57.1,52.1,280.5,0.91,280.5,11.21,11644,46.61,252.3,657.6,18425,2023-11-01,09:45:00,117.598952581814
11/1/2023 16:30,57.1,43.1,276.8,0.9,276.8,16.83,11644,46.61,252.3,657.6,18425,2023-11-01,09:45:00,118.121753400147
11/1/2023 16:45,57.1,28.9,276.8,0.37,276.8,22.13,11644,46.61,252.3,657.6,18425,2023-11-01,09:45:00,145.830196771821
11/1/2023 17:00,57.1,19.8,276.8,0.48,276.8,27.91,11644,46.61,252.3,657.6,18425,2023-11-01,09:45:00,140.079387770153
11/1/2023 17:15,57.1,12.5,274.3,0.38,274.3,33.37,11644,46.61,252.3,657.6,18425,2023-11-01,09:45:00,145.307395953487
11/1/2023 17:30,57.1,5.6,273.7,0.07,273.7,23.33,11644,46.61,252.3,657.6,18425,2023-11-01,09:45:00,161.514221321825
11/1/2023 17:45,57.1,1.9,273.7,0.09,273.7,24.24,11644,46.61,252.3,657.6,18425,2023-11-01,09:45:00,160.468619685158
11/1/2023 18:00,57.1,0.9,273.7,0.1,273.7,27.41,11644,46.61,252.3,657.6,18425,2023-11-01,09:45:00,159.945818866824
11/1/2023 18:15,57.1,1.6,289.5,0.1,289.5,36.82,11644,46.61,252.3,657.6,18425,2023-11-01,09:45:00,159.945818866824
11/1/2023 18:30,57.1,2.3,293.5,0.1,293.5,43.06,11644,46.61,252.3,657.6,18425,2023-11-01,09:45:00,159.945818866824
11/1/2023 18:45,57.1,3.1,293.5,0.09,293.5,57.63,11644,46.61,252.3,657.6,18425,2023-11-01,09:45:00,160.468619685158
11/1/2023 19:00,57.1,3.5,293.5,0.1,293.5,66.15,11644,46.61,252.3,657.6,18425,2023-11-01,09:45:00,159.945818866824
11/1/2023 19:15,57.1,3.8,345.4,0.1,345.4,70.63,11644,46.61,252.3,657.6,18425,2023-11-01,09:45:00,159.945818866824
11/1/2023 19:30,57.1,4.1,358.3,0.09,358.3,70.48,11644,46.61,252.3,657.6,18425,2023-11-01,09:45:00,160.468619685158
11/1/2023 19:45,57.1,4.4,358.3,0.1,358.3,64.7,11644,46.61,252.3,657.6,18425,2023-11-01,09:45:00,159.945818866824
11/1/2023 20:00,57.1,4.4,358.3,0.1,358.3,61.75,11644,46.61,252.3,657.6,18425,2023-11-01,09:45:00,159.945818866824
11/1/2023 20:15,57.1,4.4,417.8,0.1,417.8,64.91,11644,46.61,252.3,657.6,18425,2023-11-01,09:45:00,159.945818866824
11/1/2023 20:30,57.1,4.4,432.7,0.1,432.7,62.3,11644,46.61,252.3,657.6,18425,2023-11-01,09:45:00,159.945818866824
11/1/2023 20:45,57.1,4.4,432.7,0.1,432.7,63.66,11644,46.61,252.3,657.6,18425,2023-11-01,09:45:00,159.945818866824
11/1/2023 21:00,57.1,4.5,432.7,0.1,432.7,53.74,11644,46.61,252.3,657.6,18425,2023-11-01,09:45:00,159.945818866824
11/1/2023 21:15,57.1,4.7,491,0.1,491,56.63,11644,46.61,252.3,657.6,18425,2023-11-01,09:45:00,159.945818866824
11/1/2023 21:30,57.1,4.7,491,0.09,491,60,11644,46.61,252.3,657.6,18425,2023-11-01,09:45:00,160.468619685158
11/1/2023 21:45,57.1,5.1,491,0.09,491,60.87,11644,46.61,252.3,657.6,18425,2023-11-01,09:45:00,160.468619685158
11/1/2023 22:00,57.1,4.7,491,0.1,491,53.61,11644,46.61,252.3,657.6,18425,2023-11-01,09:45:00,159.945818866824
11/1/2023 22:15,57.1,4.7,491,0.1,491,53.61,11644,46.61,252.3,657.6,18425,2023-11-01,09:45:00,159.945818866824
11/1/2023 22:30,57.1,4.9,491,0.1,491,46.45,11644,46.61,252.3,657.6,18425,2023-11-01,09:45:00,159.945818866824
11/1/2023 22:45,57.1,4.8,491,0.1,491,43.73,11644,46.61,252.3,657.6,18425,2023-11-01,09:45:00,159.945818866824
11/1/2023 23:00,57.1,4.9,491,0.1,491,45.2,11644,46.61,252.3,657.6,18425,2023-11-01,09:45:00,159.945818866824
11/1/2023 23:15,57.1,4.9,491,0.09,491,47.93,11644,46.61,252.3,657.6,18425,2023-11-01,09:45:00,160.468619685158
11/1/2023 23:30,57.1,4.9,491,0.09,491,61.51,11644,46.61,252.3,657.6,18425,2023-11-01,09:45:00,160.468619685158
11/1/2023 23:45,57.1,4.8,491,0.1,491,61.35,11644,46.61,252.3,657.6,18425,2023-11-01,09:45:00,159.945818866824
11/2/2023 0:00,57.1,4.8,491,0.1,491,61.35,11644,46.61,252.3,657.6,18425,2023-11-02,00:00:00,159.945818866824
11/2/2023 0:15,57.1,4.8,491,0.1,491,55.59,11644,46.61,252.3,657.6,18425,2023-11-02,00:15:00,159.945818866824
11/2/2023 0:30,57.1,4.8,491,0.1,491,57.05,11644,46.61,252.3,657.6,18425,2023-11-02,00:30:00,159.945818866824
11/2/2023 0:45,57.1,4.8,491,0.1,491,57.05,11644,46.61,252.3,657.6,18425,2023-11-02,00:45:00,159.945818866824
11/2/2023 1:00,57.1,4.9,491,0.1,491,49.51,11644,46.61,252.3,657.6,18425,2023-11-02,01:00:00,159.945818866824
11/2/2023 1:15,57.1,4.8,491,0.1,491,45.94,11644,46.61,252.3,657.6,18425,2023-11-02,01:15:00,159.945818866824
11/2/2023 1:30,57.1,4.9,491,0.09,491,53.19,11644,46.61,252.3,657.6,18425,2023-11-02,01:30:00,160.468619685158
11/2/2023 1:45,57.1,4.8,484.6,0.1,484.6,46.08,11644,46.61,252.3,657.6,18425,2023-11-02,01:45:00,159.945818866824
11/2/2023 2:00,57.1,4.8,484.6,0.1,484.6,44.08,11644,46.61,252.3,657.6,18425,2023-11-02,02:00:00,159.945818866824
11/2/2023 2:15,57.1,5,484.6,0.1,484.6,39.61,11644,46.61,252.3,657.6,18425,2023-11-02,02:15:00,159.945818866824
11/2/2023 2:30,57.1,4.8,484.6,0.09,484.6,36.4,11644,46.61,252.3,657.6,18425,2023-11-02,02:30:00,160.468619685158
11/2/2023 2:45,57.1,5,484.6,0.08,484.6,40.61,11644,46.61,252.3,657.6,18425,2023-11-02,02:45:00,160.991420503491
11/2/2023 3:00,57.1,5.1,484.6,0.08,484.6,44.22,11644,46.61,252.3,657.6,18425,2023-11-02,03:00:00,160.991420503491
11/2/2023 3:15,57.1,5.2,484.6,0.1,484.6,44.71,11644,46.61,252.3,657.6,18425,2023-11-02,03:15:00,159.945818866824
11/2/2023 3:30,57.1,5.1,484.6,0.1,484.6,37.15,11644,46.61,252.3,657.6,18425,2023-11-02,03:30:00,159.945818866824
11/2/2023 3:45,57.1,5.1,484.6,0.1,484.6,46.38,11644,46.61,252.3,657.6,18425,2023-11-02,03:45:00,159.945818866824
11/2/2023 4:00,57.1,5,484.6,0.1,484.6,41.63,11644,46.61,252.3,657.6,18425,2023-11-02,04:00:00,159.945818866824
11/2/2023 4:15,57.1,5.3,466.7,0.1,466.7,37.29,11644,46.61,252.3,657.6,18425,2023-11-02,04:15:00,159.945818866824
11/2/2023 4:30,57.1,5.3,441.9,0.1,441.9,38.86,11644,46.61,252.3,657.6,18425,2023-11-02,04:30:00,159.945818866824
11/2/2023 4:45,57.1,5.2,441.9,0.1,441.9,35.32,11644,46.61,252.3,657.6,18425,2023-11-02,04:45:00,159.945818866824
11/2/2023 5:00,57.1,5.1,441.9,0.1,441.9,30.21,11644,46.61,252.3,657.6,18425,2023-11-02,05:00:00,159.945818866824
11/2/2023 5:15,57.1,5.2,440.2,0.1,440.2,30.59,11644,46.61,252.3,657.6,18425,2023-11-02,05:15:00,159.945818866824
11/2/2023 5:30,57.1,5.2,440.2,0.1,440.2,31.01,11644,46.61,252.3,657.6,18425,2023-11-02,05:30:00,159.945818866824
11/2/2023 5:45,57.1,5.2,440.2,0.1,440.2,28.22,11644,46.61,252.3,657.6,18425,2023-11-02,05:45:00,159.945818866824
11/2/2023 6:00,57.1,5.2,340.4,0.1,340.4,32.66,11644,46.61,252.3,657.6,18425,2023-11-02,06:00:00,159.945818866824
11/2/2023 6:15,57.1,5.2,340.4,0.09,340.4,34.39,11644,46.61,252.3,657.6,18425,2023-11-02,06:15:00,160.468619685158
11/2/2023 6:30,57.1,5.6,340.4,0.1,340.4,31.18,11644,46.61,252.3,657.6,18425,2023-11-02,06:30:00,159.945818866824
11/2/2023 6:45,57.1,7.4,340.4,0.1,340.4,34.65,11644,46.61,252.3,657.6,18425,2023-11-02,06:45:00,159.945818866824
11/2/2023 7:00,57.1,13.3,340.4,0.1,340.4,35.46,11644,46.61,252.3,657.6,18425,2023-11-02,07:00:00,159.945818866824
11/2/2023 7:15,57.1,21.8,476.6,0.11,476.6,37.16,11644,46.61,252.3,657.6,18425,2023-11-02,07:15:00,159.423018048491
11/2/2023 7:30,57.1,31.2,396.5,0.17,396.5,42.99,11644,46.61,252.3,657.6,18425,2023-11-02,07:30:00,156.28621313849
11/2/2023 7:45,57.1,41.6,396.5,0.64,396.5,45.38,11644,46.61,252.3,657.6,18425,2023-11-02,07:45:00,131.714574676817
11/2/2023 8:00,57.1,53,396.5,0.43,396.5,53.17,11644,46.61,252.3,657.6,18425,2023-11-02,08:00:00,142.69339186182
11/2/2023 8:15,57.1,63.7,449.6,0.2,449.6,58.44,11644,46.61,252.3,657.6,18425,2023-11-02,08:15:00,154.71781068349
11/2/2023 8:30,57.1,63.7,449.6,0.2,449.6,58.44,11644,46.61,252.3,657.6,18425,2023-11-02,08:30:00,154.71781068349
11/2/2023 8:45,57.1,112.5,462.8,0.44,462.8,61.05,11644,46.61,252.3,657.6,18425,2023-11-02,08:45:00,142.170591043487
11/2/2023 9:00,57.1,130.5,462.8,0.22,462.8,72.74,11644,46.61,252.3,657.6,18425,2023-11-02,09:00:00,153.672209046823
11/2/2023 9:15,57.1,142.1,462.8,0.26,462.8,65.78,11644,46.61,252.3,657.6,18425,2023-11-02,09:15:00,151.581005773489
11/2/2023 9:30,57.1,142.1,462.8,0.26,462.8,65.78,11644,46.61,252.3,657.6,18425,2023-11-02,09:30:00,151.581005773489
11/2/2023 9:45,57.1,166.5,549.1,0.12,549.1,76.32,11644,46.61,252.3,657.6,18425,2023-11-02,09:45:00,158.900217230158
11/2/2023 10:00,57.1,178,549.1,0.44,549.1,79.42,11644,46.61,252.3,657.6,18425,2023-11-02,09:45:00,142.170591043487
11/2/2023 10:15,57.1,201.8,610.8,0.59,610.8,65.6,11644,46.61,252.3,657.6,18425,2023-11-02,09:45:00,134.328578768485
11/2/2023 10:30,57.1,216.7,610.8,0.58,610.8,52.59,11644,46.61,252.3,657.6,18425,2023-11-02,09:45:00,134.851379586818
11/2/2023 10:45,57.1,224.8,610.8,0.38,610.8,44.62,11644,46.61,252.3,657.6,18425,2023-11-02,09:45:00,145.307395953487
11/2/2023 11:00,57.1,223.3,610.8,0.41,610.8,42.23,11644,46.61,252.3,657.6,18425,2023-11-02,09:45:00,143.738993498487
11/2/2023 11:15,57.1,228.2,513.7,0.42,513.7,40.71,11644,46.61,252.3,657.6,18425,2023-11-02,09:45:00,143.216192680154
11/2/2023 11:30,57.1,228.7,513.7,0.61,513.7,40.75,11644,46.61,252.3,657.6,18425,2023-11-02,09:45:00,133.282977131818
11/2/2023 11:45,57.1,228.8,545.9,0.57,545.9,40.23,11644,46.61,252.3,657.6,18425,2023-11-02,09:45:00,135.374180405152
11/2/2023 12:00,57.1,240.8,545.9,0.42,545.9,40.83,11644,46.61,252.3,657.6,18425,2023-11-02,09:45:00,143.216192680154
11/2/2023 12:15,57.1,226.5,910.8,0.89,910.8,29.77,11644,46.61,252.3,657.6,18425,2023-11-02,09:45:00,118.644554218481
11/2/2023 12:30,57.1,218.9,910.8,0.46,910.8,31.38,11644,46.61,252.3,657.6,18425,2023-11-02,09:45:00,141.12498940682
11/2/2023 12:45,57.1,183.9,910.8,0.48,910.8,28.12,11644,46.61,252.3,657.6,18425,2023-11-02,09:45:00,140.079387770153
11/2/2023 13:00,57.1,191.1,910.8,0.22,910.8,30.66,11644,46.61,252.3,657.6,18425,2023-11-02,09:45:00,153.672209046823
11/2/2023 13:15,57.1,226.8,665.9,0.32,665.9,26.63,11644,46.61,252.3,657.6,18425,2023-11-02,09:45:00,148.444200863488
11/2/2023 13:30,57.1,213.1,581.8,0.46,581.8,26.67,11644,46.61,252.3,657.6,18425,2023-11-02,09:45:00,141.12498940682
11/2/2023 13:45,57.1,167.5,581.8,0.42,581.8,28.62,11644,46.61,252.3,657.6,18425,2023-11-02,09:45:00,143.216192680154
11/2/2023 14:00,57.1,158,581.8,0.59,581.8,32.3,11644,46.61,252.3,657.6,18425,2023-11-02,09:45:00,134.328578768485
11/2/2023 14:15,57.1,160.4,581.8,0.54,581.8,30.58,11644,46.61,252.3,657.6,18425,2023-11-02,09:45:00,136.942582860152
11/2/2023 14:30,57.1,154.7,512.8,0.62,512.8,35.15,11644,46.61,252.3,657.6,18425,2023-11-02,09:45:00,132.760176313484
11/2/2023 14:45,57.1,144.3,512.8,0.8,512.8,26.33,11644,46.61,252.3,657.6,18425,2023-11-02,09:45:00,123.349761583482
11/2/2023 15:00,57.1,144.3,512.8,0.9,512.8,17.51,11644,46.61,252.3,657.6,18425,2023-11-02,09:45:00,118.121753400147
11/2/2023 15:15,57.1,119,620.4,0.64,620.4,18.38,11644,46.61,252.3,657.6,18425,2023-11-02,09:45:00,131.714574676817
11/2/2023 15:30,57.1,91.3,647.3,0.79,647.3,24.67,11644,46.61,252.3,657.6,18425,2023-11-02,09:45:00,123.872562401815
11/2/2023 15:45,57.1,77.6,647.3,0.57,647.3,23.61,11644,46.61,252.3,657.6,18425,2023-11-02,09:45:00,135.374180405152
11/2/2023 16:00,57.1,64.4,647.3,0.56,647.3,23.02,11644,46.61,252.3,657.6,18425,2023-11-02,09:45:00,135.896981223485
11/2/2023 16:15,57.1,52.8,647.3,0.53,647.3,13.59,11644,46.61,252.3,657.6,18425,2023-11-02,09:45:00,137.465383678485
11/2/2023 16:30,57.1,41.7,637.7,0.41,637.7,16.82,11644,46.61,252.3,657.6,18425,2023-11-02,09:45:00,143.738993498487
11/2/2023 16:45,57.1,31.1,637.7,0.21,637.7,21.34,11644,46.61,252.3,657.6,18425,2023-11-02,09:45:00,154.195009865156
11/2/2023 17:00,57.1,20.1,637.7,0.23,637.7,31.75,11644,46.61,252.3,657.6,18425,2023-11-02,09:45:00,153.149408228489
11/2/2023 17:15,57.1,11.2,589.7,0.33,589.7,29.62,11644,46.61,252.3,657.6,18425,2023-11-02,09:45:00,147.921400045155
11/2/2023 17:30,57.1,5.1,577.7,0.23,577.7,44.62,11644,46.61,252.3,657.6,18425,2023-11-02,09:45:00,153.149408228489
11/2/2023 17:45,57.1,2.3,577.7,0.1,577.7,46.54,11644,46.61,252.3,657.6,18425,2023-11-02,09:45:00,159.945818866824
11/2/2023 18:00,57.1,1.8,577.7,0.07,577.7,44.74,11644,46.61,252.3,657.6,18425,2023-11-02,09:45:00,161.514221321825
11/2/2023 18:15,57.1,2.4,604.3,0.07,604.3,53.32,11644,46.61,252.3,657.6,18425,2023-11-02,09:45:00,161.514221321825
11/2/2023 18:30,57.1,3.1,604.3,0.07,604.3,50.18,11644,46.61,252.3,657.6,18425,2023-11-02,09:45:00,161.514221321825
11/2/2023 18:45,57.1,3.4,604.3,0.09,604.3,48.75,11644,46.61,252.3,657.6,18425,2023-11-02,09:45:00,160.468619685158
11/2/2023 19:00,57.1,3.7,604.3,0.08,604.3,50.03,11644,46.61,252.3,657.6,18425,2023-11-02,09:45:00,160.991420503491
11/2/2023 19:15,57.1,3.9,604.3,0.09,604.3,56.14,11644,46.61,252.3,657.6,18425,2023-11-02,09:45:00,160.468619685158
11/2/2023 19:30,57.1,4.4,607.8,0.09,607.8,60.15,11644,46.61,252.3,657.6,18425,2023-11-02,09:45:00,160.468619685158
11/2/2023 19:45,57.1,4.5,607.8,0.09,607.8,68.69,11644,46.61,252.3,657.6,18425,2023-11-02,09:45:00,160.468619685158
11/2/2023 20:00,57.1,4.3,607.8,0.09,607.8,67.65,11644,46.61,252.3,657.6,18425,2023-11-02,09:45:00,160.468619685158
11/2/2023 20:15,57.1,4,608.4,0.09,608.4,61.05,11644,46.61,252.3,657.6,18425,2023-11-02,09:45:00,160.468619685158
11/2/2023 20:30,57.1,4.1,608.4,0.09,608.4,69.92,11644,46.61,252.3,657.6,18425,2023-11-02,09:45:00,160.468619685158
11/2/2023 20:45,57.1,4.4,608.7,0.09,608.7,76.61,11644,46.61,252.3,657.6,18425,2023-11-02,09:45:00,160.468619685158
11/2/2023 21:00,57.1,4.5,608.7,0.09,608.7,68.85,11644,46.61,252.3,657.6,18425,2023-11-02,09:45:00,160.468619685158
11/2/2023 21:15,57.1,4.5,716.2,0.09,716.2,71.32,11644,46.61,252.3,657.6,18425,2023-11-02,09:45:00,160.468619685158
11/2/2023 21:30,57.1,4.5,743.1,0.09,743.1,61.54,11644,46.61,252.3,657.6,18425,2023-11-02,09:45:00,160.468619685158
11/2/2023 21:45,57.1,4.6,743.1,0.09,743.1,57.93,11644,46.61,252.3,657.6,18425,2023-11-02,09:45:00,160.468619685158
11/2/2023 22:00,57.1,4.7,743.1,0.09,743.1,63.02,11644,46.61,252.3,657.6,18425,2023-11-02,09:45:00,160.468619685158
11/2/2023 22:15,57.1,4.8,710.5,0.1,710.5,57.89,11644,46.61,252.3,657.6,18425,2023-11-02,09:45:00,159.945818866824
11/2/2023 22:30,57.1,4.9,702.4,0.1,702.4,47.41,11644,46.61,252.3,657.6,18425,2023-11-02,09:45:00,159.945818866824
11/2/2023 22:45,57.1,4.9,702.4,0.09,702.4,58.51,11644,46.61,252.3,657.6,18425,2023-11-02,09:45:00,160.468619685158
11/2/2023 23:00,57.1,4.9,702.4,0.09,702.4,51.38,11644,46.61,252.3,657.6,18425,2023-11-02,09:45:00,160.468619685158
11/2/2023 23:15,57.1,5,798.6,0.09,798.6,42.43,11644,46.61,252.3,657.6,18425,2023-11-02,09:45:00,160.468619685158
11/2/2023 23:30,57.1,5.2,820,0.09,820,34.54,11644,46.61,252.3,657.6,18425,2023-11-02,09:45:00,160.468619685158
11/2/2023 23:45,57.1,5.4,820,0.1,820,42.63,11644,46.61,252.3,657.6,18425,2023-11-02,09:45:00,159.945818866824
11/3/2023 0:00,57.1,5.4,820,0.1,820,42.63,11644,46.61,252.3,657.6,18425,2023-11-03,00:00:00,159.945818866824
11/3/2023 0:15,57.1,5.2,678.9,0.1,678.9,42.23,11644,46.61,252.3,657.6,18425,2023-11-03,00:15:00,159.945818866824
11/3/2023 0:30,57.1,5.3,646.1,0.09,646.1,34.48,11644,46.61,252.3,657.6,18425,2023-11-03,00:30:00,160.468619685158
11/3/2023 0:45,57.1,5.2,646.1,0.09,646.1,34.32,11644,46.61,252.3,657.6,18425,2023-11-03,00:45:00,160.468619685158
11/3/2023 1:00,57.1,5.3,646.1,0.09,646.1,37.4,11644,46.61,252.3,657.6,18425,2023-11-03,01:00:00,160.468619685158
11/3/2023 1:15,57.1,5.4,621.5,0.09,621.5,51.81,11644,46.61,252.3,657.6,18425,2023-11-03,01:15:00,160.468619685158
11/3/2023 1:30,57.1,4.9,615.4,0.09,615.4,50.14,11644,46.61,252.3,657.6,18425,2023-11-03,01:30:00,160.468619685158
11/3/2023 1:45,57.1,5.1,615.4,0.09,615.4,42.18,11644,46.61,252.3,657.6,18425,2023-11-03,01:45:00,160.468619685158
11/3/2023 2:00,57.1,5.2,615.4,0.12,615.4,44.01,11644,46.61,252.3,657.6,18425,2023-11-03,02:00:00,158.900217230158
11/3/2023 2:15,57.1,5.6,602.1,0.28,602.1,44.79,11644,46.61,252.3,657.6,18425,2023-11-03,02:15:00,150.535404136822
11/3/2023 2:30,57.1,5,598.8,0.12,598.8,46.23,11644,46.61,252.3,657.6,18425,2023-11-03,02:30:00,158.900217230158
11/3/2023 2:45,57.1,5.1,598.8,0.23,598.8,44.78,11644,46.61,252.3,657.6,18425,2023-11-03,02:45:00,153.149408228489
11/3/2023 3:00,57.1,5,598.8,0.24,598.8,48.14,11644,46.61,252.3,657.6,18425,2023-11-03,03:00:00,152.626607410156
11/3/2023 3:15,57.1,4.6,598.4,0.11,598.4,45.68,11644,46.61,252.3,657.6,18425,2023-11-03,03:15:00,159.423018048491
11/3/2023 3:30,57.1,4.8,598.4,0.27,598.4,45.91,11644,46.61,252.3,657.6,18425,2023-11-03,03:30:00,151.058204955156
11/3/2023 3:45,57.1,5.3,598.4,0.25,598.4,40.83,11644,46.61,252.3,657.6,18425,2023-11-03,03:45:00,152.103806591823
11/3/2023 4:00,57.1,4.9,571.9,0.17,571.9,44.74,11644,46.61,252.3,657.6,18425,2023-11-03,04:00:00,156.28621313849
11/3/2023 4:15,57.1,5.2,571.9,0.33,571.9,38.7,11644,46.61,252.3,657.6,18425,2023-11-03,04:15:00,147.921400045155
11/3/2023 4:30,57.1,5,571.9,0.06,571.9,38.19,11644,46.61,252.3,657.6,18425,2023-11-03,04:30:00,162.037022140158
11/3/2023 4:45,57.1,5.2,571.9,0.24,571.9,37.65,11644,46.61,252.3,657.6,18425,2023-11-03,04:45:00,152.626607410156
11/3/2023 5:00,57.1,5.3,571.9,0.39,571.9,36.45,11644,46.61,252.3,657.6,18425,2023-11-03,05:00:00,144.784595135154
11/3/2023 5:15,57.1,5.1,808.5,0.27,808.5,36.81,11644,46.61,252.3,657.6,18425,2023-11-03,05:15:00,151.058204955156
11/3/2023 5:30,57.1,5,696.5,0.21,696.5,32.19,11644,46.61,252.3,657.6,18425,2023-11-03,05:30:00,154.195009865156
11/3/2023 5:45,57.1,4.8,696.5,0.16,696.5,26.63,11644,46.61,252.3,657.6,18425,2023-11-03,05:45:00,156.809013956824
11/3/2023 6:00,57.1,4.8,696.5,0.12,696.5,29.09,11644,46.61,252.3,657.6,18425,2023-11-03,06:00:00,158.900217230158
11/3/2023 6:15,57.1,4.9,623.9,0.23,623.9,33.47,11644,46.61,252.3,657.6,18425,2023-11-03,06:15:00,153.149408228489
11/3/2023 6:30,57.1,5.7,600.1,0.51,600.1,28.46,11644,46.61,252.3,657.6,18425,2023-11-03,06:30:00,138.510985315152
11/3/2023 6:45,57.1,6.7,600.1,0.14,600.1,29.46,11644,46.61,252.3,657.6,18425,2023-11-03,06:45:00,157.854615593491
11/3/2023 7:00,57.1,11,600.1,0.07,600.1,32.44,11644,46.61,252.3,657.6,18425,2023-11-03,07:00:00,161.514221321825
11/3/2023 7:15,57.1,17.2,628.1,0.09,628.1,27.61,11644,46.61,252.3,657.6,18425,2023-11-03,07:15:00,160.468619685158
11/3/2023 7:30,57.1,25.2,635.1,0.16,635.1,28.25,11644,46.61,252.3,657.6,18425,2023-11-03,07:30:00,156.809013956824
11/3/2023 7:45,57.1,33.5,635.1,0.44,635.1,31.36,11644,46.61,252.3,657.6,18425,2023-11-03,07:45:00,142.170591043487
11/3/2023 8:00,57.1,41.3,635.1,0.55,635.1,37.78,11644,46.61,252.3,657.6,18425,2023-11-03,08:00:00,136.419782041819
11/3/2023 8:15,57.1,51.1,644.5,0.22,644.5,48.93,11644,46.61,252.3,657.6,18425,2023-11-03,08:15:00,153.672209046823
11/3/2023 8:30,57.1,62.3,647.7,0.29,647.7,26.79,11644,46.61,252.3,657.6,18425,2023-11-03,08:30:00,150.012603318489
11/3/2023 8:45,57.1,75.2,647.7,0.16,647.7,27.13,11644,46.61,252.3,657.6,18425,2023-11-03,08:45:00,156.809013956824
11/3/2023 9:00,57.1,88.6,647.7,0.18,647.7,28.05,11644,46.61,252.3,657.6,18425,2023-11-03,09:00:00,155.763412320157
11/3/2023 9:15,57.1,99.7,711.5,0.07,711.5,33.45,11644,46.61,252.3,657.6,18425,2023-11-03,09:15:00,161.514221321825
11/3/2023 9:30,57.1,112.3,727.4,0.24,727.4,30.72,11644,46.61,252.3,657.6,18425,2023-11-03,09:30:00,152.626607410156
11/3/2023 9:45,57.1,129.2,727.4,0.4,727.4,41.47,11644,46.61,252.3,657.6,18425,2023-11-03,09:45:00,144.261794316821
11/3/2023 10:00,57.1,145.4,727.4,0.46,727.4,37.03,11644,46.61,252.3,657.6,18425,2023-11-03,09:45:00,141.12498940682
11/3/2023 10:15,57.1,158.1,726.8,0.58,726.8,41.5,11644,46.61,252.3,657.6,18425,2023-11-03,09:45:00,134.851379586818
11/3/2023 10:30,57.1,158.1,726.8,0.58,726.8,41.5,11644,46.61,252.3,657.6,18425,2023-11-03,09:45:00,134.851379586818
11/3/2023 10:45,57.1,170.5,726.6,0.42,726.6,22.85,11644,46.61,252.3,657.6,18425,2023-11-03,09:45:00,143.216192680154
11/3/2023 11:00,57.1,169,726.6,0.22,726.6,32.66,11644,46.61,252.3,657.6,18425,2023-11-03,09:45:00,153.672209046823
11/3/2023 11:15,57.1,171.9,726.6,0.38,726.6,27,11644,46.61,252.3,657.6,18425,2023-11-03,09:45:00,145.307395953487
11/3/2023 11:30,57.1,167.8,726.6,0.37,726.6,22.09,11644,46.61,252.3,657.6,18425,2023-11-03,09:45:00,145.830196771821
11/3/2023 11:45,57.1,182.6,726.6,0.04,726.6,25.86,11644,46.61,252.3,657.6,18425,2023-11-03,09:45:00,163.082623776825
11/3/2023 12:00,57.1,209,726.6,0.28,726.6,19.4,11644,46.61,252.3,657.6,18425,2023-11-03,09:45:00,150.535404136822
11/3/2023 12:15,57.1,228.6,836.4,0.19,836.4,22.78,11644,46.61,252.3,657.6,18425,2023-11-03,09:45:00,155.240611501823
11/3/2023 12:30,57.1,232,738.3,0.61,738.3,22.32,11644,46.61,252.3,657.6,18425,2023-11-03,09:45:00,133.282977131818
11/3/2023 12:45,57.1,223.7,738.3,0.69,738.3,25.25,11644,46.61,252.3,657.6,18425,2023-11-03,09:45:00,129.10057058515
11/3/2023 13:00,57.1,259.1,738.3,0.74,738.3,26.03,11644,46.61,252.3,657.6,18425,2023-11-03,09:45:00,126.486566493483
11/3/2023 13:15,57.1,256.5,591.2,0.44,591.2,25.7,11644,46.61,252.3,657.6,18425,2023-11-03,09:45:00,142.170591043487
11/3/2023 13:30,57.1,248.5,554.4,0.6,554.4,19.34,11644,46.61,252.3,657.6,18425,2023-11-03,09:45:00,133.805777950151
11/3/2023 13:45,57.1,234,554.4,0.72,554.4,21.6,11644,46.61,252.3,657.6,18425,2023-11-03,09:45:00,127.53216813015
11/3/2023 14:00,57.1,227.8,554.4,0.81,554.4,12.01,11644,46.61,252.3,657.6,18425,2023-11-03,09:45:00,122.826960765148
11/3/2023 14:15,57.1,213.5,413,0.35,413,23.07,11644,46.61,252.3,657.6,18425,2023-11-03,09:45:00,146.875798408488
11/3/2023 14:30,57.1,196.6,377.6,0.75,377.6,22.42,11644,46.61,252.3,657.6,18425,2023-11-03,09:45:00,125.963765675149
11/3/2023 14:45,57.1,189.6,377.6,0.59,377.6,21.47,11644,46.61,252.3,657.6,18425,2023-11-03,09:45:00,134.328578768485
11/3/2023 15:00,57.1,169.7,377.6,0.38,377.6,23.02,11644,46.61,252.3,657.6,18425,2023-11-03,09:45:00,145.307395953487
11/3/2023 15:15,57.1,134.9,310.1,0.64,310.1,27.32,11644,46.61,252.3,657.6,18425,2023-11-03,09:45:00,131.714574676817
11/3/2023 15:30,57.1,86.8,293.3,0.54,293.3,30.61,11644,46.61,252.3,657.6,18425,2023-11-03,09:45:00,136.942582860152
11/3/2023 15:45,57.1,77.5,293.3,0.48,293.3,23.83,11644,46.61,252.3,657.6,18425,2023-11-03,09:45:00,140.079387770153
11/3/2023 16:00,57.1,63,293.3,0.61,293.3,18.58,11644,46.61,252.3,657.6,18425,2023-11-03,09:45:00,133.282977131818
11/3/2023 16:15,57.1,51.9,241.9,0.5,241.9,18.01,11644,46.61,252.3,657.6,18425,2023-11-03,09:45:00,139.033786133486
11/3/2023 16:30,57.1,41.9,229.1,0.23,229.1,18.96,11644,46.61,252.3,657.6,18425,2023-11-03,09:45:00,153.149408228489
11/3/2023 16:45,57.1,30.7,229.1,0.25,229.1,25.58,11644,46.61,252.3,657.6,18425,2023-11-03,09:45:00,152.103806591823
11/3/2023 17:00,57.1,20.3,229.1,0.1,229.1,33.64,11644,46.61,252.3,657.6,18425,2023-11-03,09:45:00,159.945818866824
11/3/2023 17:15,57.1,11.9,251.8,0.02,251.8,45.6,11644,46.61,252.3,657.6,18425,2023-11-03,09:45:00,164.128225413492
11/3/2023 17:30,57.1,5.3,257.4,0.09,257.4,51.23,11644,46.61,252.3,657.6,18425,2023-11-03,09:45:00,160.468619685158
11/3/2023 17:45,57.1,1.8,257.4,0.09,257.4,47.04,11644,46.61,252.3,657.6,18425,2023-11-03,09:45:00,160.468619685158
11/3/2023 18:00,57.1,1.3,257.4,0.09,257.4,50.48,11644,46.61,252.3,657.6,18425,2023-11-03,09:45:00,160.468619685158
11/3/2023 18:15,57.1,2.1,353.8,0.09,353.8,50.96,11644,46.61,252.3,657.6,18425,2023-11-03,09:45:00,160.468619685158
11/3/2023 18:30,57.1,2.5,377.9,0.09,377.9,54.76,11644,46.61,252.3,657.6,18425,2023-11-03,09:45:00,160.468619685158
11/3/2023 18:45,57.1,3.2,377.9,0.08,377.9,45.94,11644,46.61,252.3,657.6,18425,2023-11-03,09:45:00,160.991420503491
11/3/2023 19:00,57.1,3.7,377.9,0.09,377.9,39.74,11644,46.61,252.3,657.6,18425,2023-11-03,09:45:00,160.468619685158
11/3/2023 19:15,57.1,4,488.8,0.09,488.8,47.9,11644,46.61,252.3,657.6,18425,2023-11-03,09:45:00,160.468619685158
11/3/2023 19:30,57.1,4.2,516.6,0.09,516.6,36.61,11644,46.61,252.3,657.6,18425,2023-11-03,09:45:00,160.468619685158
11/3/2023 19:45,57.1,4.4,516.6,0.09,516.6,33.61,11644,46.61,252.3,657.6,18425,2023-11-03,09:45:00,160.468619685158
11/3/2023 20:00,57.1,4.6,516.6,0.09,516.6,30.41,11644,46.61,252.3,657.6,18425,2023-11-03,09:45:00,160.468619685158
11/3/2023 20:15,57.1,4.6,606.8,0.09,606.8,37.45,11644,46.61,252.3,657.6,18425,2023-11-03,09:45:00,160.468619685158
11/3/2023 20:30,57.1,4.7,629.4,0.09,629.4,34.1,11644,46.61,252.3,657.6,18425,2023-11-03,09:45:00,160.468619685158
11/3/2023 20:45,57.1,4.4,629.4,0.05,629.4,44.25,11644,46.61,252.3,657.6,18425,2023-11-03,09:45:00,162.559822958492
11/3/2023 21:00,57.1,4.4,629.4,0.09,629.4,45.82,11644,46.61,252.3,657.6,18425,2023-11-03,09:45:00,160.468619685158
11/3/2023 21:15,57.1,4.7,611.4,0.09,611.4,36.75,11644,46.61,252.3,657.6,18425,2023-11-03,09:45:00,160.468619685158
11/3/2023 21:30,57.1,4.9,606.9,0.09,606.9,52.01,11644,46.61,252.3,657.6,18425,2023-11-03,09:45:00,160.468619685158
11/3/2023 21:45,57.1,4.6,606.9,0.09,606.9,38.12,11644,46.61,252.3,657.6,18425,2023-11-03,09:45:00,160.468619685158
11/3/2023 22:00,57.1,5,606.9,0.09,606.9,44.6,11644,46.61,252.3,657.6,18425,2023-11-03,09:45:00,160.468619685158
11/3/2023 22:15,57.1,5.5,502.4,0.09,502.4,50.93,11644,46.61,252.3,657.6,18425,2023-11-03,09:45:00,160.468619685158
11/3/2023 22:30,57.1,5,476.3,0.09,476.3,41.4,11644,46.61,252.3,657.6,18425,2023-11-03,09:45:00,160.468619685158
11/3/2023 22:45,57.1,5,476.3,0.06,476.3,38.88,11644,46.61,252.3,657.6,18425,2023-11-03,09:45:00,162.037022140158
11/3/2023 23:00,57.1,5.2,476.3,0.07,476.3,39.48,11644,46.61,252.3,657.6,18425,2023-11-03,09:45:00,161.514221321825
11/3/2023 23:15,57.1,5.3,455.9,0.03,455.9,47.83,11644,46.61,252.3,657.6,18425,2023-11-03,09:45:00,163.605424595159
11/3/2023 23:30,57.1,5.2,450.9,0.08,450.9,38.13,11644,46.61,252.3,657.6,18425,2023-11-03,09:45:00,160.991420503491
11/3/2023 23:45,57.1,4.8,450.9,0.09,450.9,41.23,11644,46.61,252.3,657.6,18425,2023-11-03,09:45:00,160.468619685158
11/4/2023 0:00,57.1,4.8,450.9,0.09,450.9,41.23,11644,46.61,252.3,657.6,18425,2023-11-04,00:00:00,160.468619685158
11/4/2023 0:15,57.1,5,471.9,0.09,471.9,40.44,11644,46.61,252.3,657.6,18425,2023-11-04,00:15:00,160.468619685158
11/4/2023 0:30,57.1,4.6,477.1,0.09,477.1,36.33,11644,46.61,252.3,657.6,18425,2023-11-04,00:30:00,160.468619685158
11/4/2023 0:45,57.1,4.6,477.1,0.09,477.1,30.97,11644,46.61,252.3,657.6,18425,2023-11-04,00:45:00,160.468619685158
11/4/2023 1:00,57.1,4.9,477.1,0.09,477.1,35.91,11644,46.61,252.3,657.6,18425,2023-11-04,01:00:00,160.468619685158
11/4/2023 1:15,57.1,5,469.9,0.09,469.9,31.08,11644,46.61,252.3,657.6,18425,2023-11-04,01:15:00,160.468619685158
11/4/2023 1:30,57.1,4.9,468.1,0.09,468.1,28.24,11644,46.61,252.3,657.6,18425,2023-11-04,01:30:00,160.468619685158
11/4/2023 1:45,57.1,4.8,468.1,0.08,468.1,34.39,11644,46.61,252.3,657.6,18425,2023-11-04,01:45:00,160.991420503491
11/4/2023 2:00,57.1,5.4,468.1,0.08,468.1,39.94,11644,46.61,252.3,657.6,18425,2023-11-04,02:00:00,160.991420503491
11/4/2023 2:15,57.1,5.4,461,0.08,461,36.3,11644,46.61,252.3,657.6,18425,2023-11-04,02:15:00,160.991420503491
11/4/2023 2:30,57.1,5.4,459.2,0.09,459.2,33.86,11644,46.61,252.3,657.6,18425,2023-11-04,02:30:00,160.468619685158
11/4/2023 2:45,57.1,4.9,459.2,0.09,459.2,33.32,11644,46.61,252.3,657.6,18425,2023-11-04,02:45:00,160.468619685158
11/4/2023 3:00,57.1,4.7,459.2,0.09,459.2,26.88,11644,46.61,252.3,657.6,18425,2023-11-04,03:00:00,160.468619685158
11/4/2023 3:15,57.1,4.7,470.9,0.09,470.9,29.35,11644,46.61,252.3,657.6,18425,2023-11-04,03:15:00,160.468619685158
11/4/2023 3:30,57.1,4.9,473.8,0.09,473.8,34.87,11644,46.61,252.3,657.6,18425,2023-11-04,03:30:00,160.468619685158
11/4/2023 3:45,57.1,5,473.8,0.08,473.8,37.67,11644,46.61,252.3,657.6,18425,2023-11-04,03:45:00,160.991420503491
11/4/2023 4:00,57.1,5.1,473.8,0.25,473.8,32.05,11644,46.61,252.3,657.6,18425,2023-11-04,04:00:00,152.103806591823
11/4/2023 4:15,57.1,5,428.6,0.09,428.6,25.24,11644,46.61,252.3,657.6,18425,2023-11-04,04:15:00,160.468619685158
11/4/2023 4:30,57.1,4.8,417.3,0.09,417.3,24.74,11644,46.61,252.3,657.6,18425,2023-11-04,04:30:00,160.468619685158
11/4/2023 4:45,57.1,4.8,417.3,0.09,417.3,25.15,11644,46.61,252.3,657.6,18425,2023-11-04,04:45:00,160.468619685158
11/4/2023 5:00,57.1,5,417.3,0.07,417.3,34.64,11644,46.61,252.3,657.6,18425,2023-11-04,05:00:00,161.514221321825
11/4/2023 5:15,57.1,4.8,382,0.1,382,14,11644,46.61,252.3,657.6,18425,2023-11-04,05:15:00,159.945818866824
11/4/2023 5:30,57.1,4.6,373.2,0.09,373.2,36.27,11644,46.61,252.3,657.6,18425,2023-11-04,05:30:00,160.468619685158
11/4/2023 5:45,57.1,4.8,373.2,0.08,373.2,28.32,11644,46.61,252.3,657.6,18425,2023-11-04,05:45:00,160.991420503491
11/4/2023 6:00,57.1,5,373.2,0.23,373.2,28.35,11644,46.61,252.3,657.6,18425,2023-11-04,06:00:00,153.149408228489
11/4/2023 6:15,57.1,5.1,367.6,0.09,367.6,24.13,11644,46.61,252.3,657.6,18425,2023-11-04,06:15:00,160.468619685158
11/4/2023 6:30,57.1,5.7,366.3,0.12,366.3,27.11,11644,46.61,252.3,657.6,18425,2023-11-04,06:30:00,158.900217230158
11/4/2023 6:45,57.1,7.1,366.3,0.13,366.3,31.45,11644,46.61,252.3,657.6,18425,2023-11-04,06:45:00,158.377416411824
11/4/2023 7:00,57.1,12.4,366.3,0.29,366.3,33.02,11644,46.61,252.3,657.6,18425,2023-11-04,07:00:00,150.012603318489
11/4/2023 7:15,57.1,16,358.1,0.19,358.1,30.98,11644,46.61,252.3,657.6,18425,2023-11-04,07:15:00,155.240611501823
11/4/2023 7:30,57.1,26.4,356.1,0.14,356.1,33.3,11644,46.61,252.3,657.6,18425,2023-11-04,07:30:00,157.854615593491
11/4/2023 7:45,57.1,36.8,356.1,0.28,356.1,24.66,11644,46.61,252.3,657.6,18425,2023-11-04,07:45:00,150.535404136822
11/4/2023 8:00,57.1,55.7,356.1,0.14,356.1,33.29,11644,46.61,252.3,657.6,18425,2023-11-04,08:00:00,157.854615593491
11/4/2023 8:15,57.1,59,346,0.08,346,27.93,11644,46.61,252.3,657.6,18425,2023-11-04,08:15:00,160.991420503491
11/4/2023 8:30,57.1,67.1,343.5,0.31,343.5,31.52,11644,46.61,252.3,657.6,18425,2023-11-04,08:30:00,148.967001681822
11/4/2023 8:45,57.1,82.3,343.5,0.33,343.5,29.32,11644,46.61,252.3,657.6,18425,2023-11-04,08:45:00,147.921400045155
11/4/2023 9:00,57.1,97.6,343.5,0.22,343.5,40.88,11644,46.61,252.3,657.6,18425,2023-11-04,09:00:00,153.672209046823
11/4/2023 9:15,57.1,107.6,343.5,0.36,343.5,36.4,11644,46.61,252.3,657.6,18425,2023-11-04,09:15:00,146.352997590154
11/4/2023 9:30,57.1,112.4,343.5,0.1,343.5,45.12,11644,46.61,252.3,657.6,18425,2023-11-04,09:30:00,159.945818866824
11/4/2023 9:45,57.1,135.7,343.5,0.42,343.5,36.43,11644,46.61,252.3,657.6,18425,2023-11-04,09:45:00,143.216192680154
11/4/2023 10:00,57.1,136.4,343.5,0.45,343.5,45.52,11644,46.61,252.3,657.6,18425,2023-11-04,09:45:00,141.647790225153
11/4/2023 10:15,57.1,133.8,343.5,0.65,343.5,47.98,11644,46.61,252.3,657.6,18425,2023-11-04,09:45:00,131.191773858484
11/4/2023 10:30,57.1,164.6,343.5,0.63,343.5,49.89,11644,46.61,252.3,657.6,18425,2023-11-04,09:45:00,132.237375495151
11/4/2023 10:45,57.1,180,343.5,0.6,343.5,44.66,11644,46.61,252.3,657.6,18425,2023-11-04,09:45:00,133.805777950151
11/4/2023 11:00,57.1,186.1,343.5,0.83,343.5,41.71,11644,46.61,252.3,657.6,18425,2023-11-04,09:45:00,121.781359128481
11/4/2023 11:15,57.1,192.4,343.5,0.3,343.5,39.68,11644,46.61,252.3,657.6,18425,2023-11-04,09:45:00,149.489802500155
11/4/2023 11:30,57.1,208.9,343.5,0.31,343.5,34.35,11644,46.61,252.3,657.6,18425,2023-11-04,09:45:00,148.967001681822
11/4/2023 11:45,57.1,190.9,343.5,0.34,343.5,32.23,11644,46.61,252.3,657.6,18425,2023-11-04,09:45:00,147.398599226821
11/4/2023 12:00,57.1,186.2,343.5,0.46,343.5,35.11,11644,46.61,252.3,657.6,18425,2023-11-04,09:45:00,141.12498940682
11/4/2023 12:15,57.1,160.6,343.5,0.6,343.5,45.79,11644,46.61,252.3,657.6,18425,2023-11-04,09:45:00,133.805777950151
11/4/2023 12:30,57.1,158.8,343.5,0.28,343.5,46.46,11644,46.61,252.3,657.6,18425,2023-11-04,09:45:00,150.535404136822
11/4/2023 12:45,57.1,152.8,343.5,0.51,343.5,40.99,11644,46.61,252.3,657.6,18425,2023-11-04,09:45:00,138.510985315152
11/4/2023 13:00,57.1,160,343.5,0.26,343.5,39.87,11644,46.61,252.3,657.6,18425,2023-11-04,09:45:00,151.581005773489
11/4/2023 13:15,57.1,154,343.5,0.4,343.5,39.87,11644,46.61,252.3,657.6,18425,2023-11-04,09:45:00,144.261794316821
11/4/2023 13:30,57.1,151,343.5,0.41,343.5,39.87,11644,46.61,252.3,657.6,18425,2023-11-04,09:45:00,143.738993498487
11/4/2023 13:45,57.1,150.2,343.5,0.38,343.5,39.87,11644,46.61,252.3,657.6,18425,2023-11-04,09:45:00,145.307395953487
11/4/2023 14:00,57.1,155.1,343.5,0.38,343.5,39.87,11644,46.61,252.3,657.6,18425,2023-11-04,09:45:00,145.307395953487
11/4/2023 14:15,57.1,145.6,880.5,0.37,880.5,39.87,11644,46.61,252.3,657.6,18425,2023-11-04,09:45:00,145.830196771821
11/4/2023 14:30,57.1,119.9,880.5,0.43,880.5,39.87,11644,46.61,252.3,657.6,18425,2023-11-04,09:45:00,142.69339186182
11/4/2023 14:45,57.1,113.3,880.5,0.21,880.5,39.87,11644,46.61,252.3,657.6,18425,2023-11-04,09:45:00,154.195009865156
11/4/2023 15:00,57.1,104.8,880.5,0.4,880.5,39.87,11644,46.61,252.3,657.6,18425,2023-11-04,09:45:00,144.261794316821
11/4/2023 15:15,57.1,92.9,609.5,0.35,609.5,39.87,11644,46.61,252.3,657.6,18425,2023-11-04,09:45:00,146.875798408488
11/4/2023 15:30,57.1,79.2,606.4,0.21,606.4,39.87,11644,46.61,252.3,657.6,18425,2023-11-04,09:45:00,154.195009865156
11/4/2023 15:45,57.1,67.7,606.4,0.1,606.4,39.87,11644,46.61,252.3,657.6,18425,2023-11-04,09:45:00,159.945818866824
11/4/2023 16:00,57.1,57.5,606.4,0.19,606.4,39.87,11644,46.61,252.3,657.6,18425,2023-11-04,09:45:00,155.240611501823
11/4/2023 16:15,57.1,46,604.9,0.05,604.9,39.87,11644,46.61,252.3,657.6,18425,2023-11-04,09:45:00,162.559822958492
11/4/2023 16:30,57.1,37,604.9,0.09,604.9,35.37,11644,46.61,252.3,657.6,18425,2023-11-04,09:45:00,160.468619685158
11/4/2023 16:45,57.1,26.9,604.9,0.09,604.9,39.02,11644,46.61,252.3,657.6,18425,2023-11-04,09:45:00,160.468619685158
11/4/2023 17:00,57.1,19,604.9,0.09,604.9,40.73,11644,46.61,252.3,657.6,18425,2023-11-04,09:45:00,160.468619685158
11/4/2023 17:15,57.1,11,541.1,0.09,541.1,40.47,11644,46.61,252.3,657.6,18425,2023-11-04,09:45:00,160.468619685158
11/4/2023 17:30,57.1,5,540.4,0.09,540.4,41.72,11644,46.61,252.3,657.6,18425,2023-11-04,09:45:00,160.468619685158
11/4/2023 17:45,57.1,2.2,540.4,0.09,540.4,44.02,11644,46.61,252.3,657.6,18425,2023-11-04,09:45:00,160.468619685158
11/4/2023 18:00,57.1,2,540.4,0.09,540.4,45.71,11644,46.61,252.3,657.6,18425,2023-11-04,09:45:00,160.468619685158
11/4/2023 18:15,57.1,2.5,523.8,0.09,523.8,46.58,11644,46.61,252.3,657.6,18425,2023-11-04,09:45:00,160.468619685158
11/4/2023 18:30,57.1,2.9,523.6,0.09,523.6,48.76,11644,46.61,252.3,657.6,18425,2023-11-04,09:45:00,160.468619685158
11/4/2023 18:45,57.1,3.1,523.6,0.09,523.6,45.41,11644,46.61,252.3,657.6,18425,2023-11-04,09:45:00,160.468619685158
11/4/2023 19:00,57.1,3.5,523.6,0.09,523.6,45.12,11644,46.61,252.3,657.6,18425,2023-11-04,09:45:00,160.468619685158
11/4/2023 19:15,57.1,3.8,574.6,0.09,574.6,47.6,11644,46.61,252.3,657.6,18425,2023-11-04,09:45:00,160.468619685158
11/4/2023 19:30,57.1,4.2,575.2,0.09,575.2,46.66,11644,46.61,252.3,657.6,18425,2023-11-04,09:45:00,160.468619685158
11/4/2023 19:45,57.1,4.2,575.2,0.09,575.2,46.5,11644,46.61,252.3,657.6,18425,2023-11-04,09:45:00,160.468619685158
11/4/2023 20:00,57.1,4.3,575.2,0.09,575.2,46.62,11644,46.61,252.3,657.6,18425,2023-11-04,09:45:00,160.468619685158
11/4/2023 20:15,57.1,4.3,575.2,0.1,575.2,49.04,11644,46.61,252.3,657.6,18425,2023-11-04,09:45:00,159.945818866824
11/4/2023 20:30,57.1,4.7,617.9,0.1,617.9,50.85,11644,46.61,252.3,657.6,18425,2023-11-04,09:45:00,159.945818866824
11/4/2023 20:45,57.1,4.8,617.9,0.1,617.9,51.57,11644,46.61,252.3,657.6,18425,2023-11-04,09:45:00,159.945818866824
11/4/2023 21:00,57.1,4.7,617.9,0.09,617.9,50.55,11644,46.61,252.3,657.6,18425,2023-11-04,09:45:00,160.468619685158
11/4/2023 21:15,57.1,4.9,675.5,0.09,675.5,47.16,11644,46.61,252.3,657.6,18425,2023-11-04,09:45:00,160.468619685158
11/4/2023 21:30,57.1,4.8,676.2,0.09,676.2,48.93,11644,46.61,252.3,657.6,18425,2023-11-04,09:45:00,160.468619685158
11/4/2023 21:45,57.1,4.7,676.2,0.09,676.2,47.34,11644,46.61,252.3,657.6,18425,2023-11-04,09:45:00,160.468619685158
11/4/2023 22:00,57.1,4.9,676.2,0.09,676.2,47.28,11644,46.61,252.3,657.6,18425,2023-11-04,09:45:00,160.468619685158
11/4/2023 22:15,57.1,4.9,809.4,0.09,809.4,47.08,11644,46.61,252.3,657.6,18425,2023-11-04,09:45:00,160.468619685158
11/4/2023 22:30,57.1,5,810.9,0.09,810.9,44.44,11644,46.61,252.3,657.6,18425,2023-11-04,09:45:00,160.468619685158
11/4/2023 22:45,57.1,5,810.9,0.09,810.9,41.87,11644,46.61,252.3,657.6,18425,2023-11-04,09:45:00,160.468619685158
11/4/2023 23:00,57.1,5,810.9,0.09,810.9,43.87,11644,46.61,252.3,657.6,18425,2023-11-04,09:45:00,160.468619685158
11/4/2023 23:15,57.1,5.1,665.5,0.1,665.5,44.32,11644,46.61,252.3,657.6,18425,2023-11-04,09:45:00,159.945818866824
11/4/2023 23:30,57.1,5.3,663.8,0.11,663.8,38.25,11644,46.61,252.3,657.6,18425,2023-11-04,09:45:00,159.423018048491
11/4/2023 23:45,57.1,5.1,663.8,0.09,663.8,39.99,11644,46.61,252.3,657.6,18425,2023-11-04,09:45:00,160.468619685158
11/5/2023 0:00,57.1,5.1,663.8,0.09,663.8,39.99,11644,46.61,252.3,657.6,18425,2023-11-05,00:00:00,160.468619685158
11/5/2023 0:15,57.1,5.3,464.7,0.09,464.7,38.98,11644,46.61,252.3,657.6,18425,2023-11-05,00:15:00,160.468619685158
11/5/2023 0:30,57.1,5.1,462.5,0.1,462.5,34.12,11644,46.61,252.3,657.6,18425,2023-11-05,00:30:00,159.945818866824
11/5/2023 0:45,57.1,5.5,462.5,0.19,462.5,35.48,11644,46.61,252.3,657.6,18425,2023-11-05,00:45:00,155.240611501823
11/5/2023 1:00,57.1,5.8,462.5,0.57,462.5,36.44,11644,46.61,252.3,657.6,18425,2023-11-05,01:00:00,135.374180405152
11/5/2023 1:15,57.1,5,451,0.22,451,36.09,11644,46.61,252.3,657.6,18425,2023-11-05,01:15:00,153.672209046823
11/5/2023 1:30,57.1,4.3,450.9,0.1,450.9,38.62,11644,46.61,252.3,657.6,18425,2023-11-05,01:30:00,159.945818866824
11/5/2023 1:45,57.1,4.6,450.9,0.09,450.9,37.57,11644,46.61,252.3,657.6,18425,2023-11-05,01:45:00,160.468619685158
11/5/2023 2:00,57.1,4.5,450.9,0.08,450.9,35.51,11644,46.61,252.3,657.6,18425,2023-11-05,02:00:00,160.991420503491
11/5/2023 2:15,57.1,5.2,566.4,0.15,566.4,33.39,11644,46.61,252.3,657.6,18425,2023-11-05,02:15:00,157.331814775157
11/5/2023 2:30,57.1,5,567.7,0.09,567.7,34.58,11644,46.61,252.3,657.6,18425,2023-11-05,02:30:00,160.468619685158
11/5/2023 2:45,57.1,5.4,567.7,0.14,567.7,33.41,11644,46.61,252.3,657.6,18425,2023-11-05,02:45:00,157.854615593491
11/5/2023 3:00,57.1,5,567.7,0.19,567.7,33.94,11644,46.61,252.3,657.6,18425,2023-11-05,03:00:00,155.240611501823
11/5/2023 3:15,57.1,4.8,516.5,0.15,516.5,33.38,11644,46.61,252.3,657.6,18425,2023-11-05,03:15:00,157.331814775157
11/5/2023 3:30,57.1,4.6,515.9,0.1,515.9,34.04,11644,46.61,252.3,657.6,18425,2023-11-05,03:30:00,159.945818866824
11/5/2023 3:45,57.1,4.7,515.9,0.09,515.9,32.65,11644,46.61,252.3,657.6,18425,2023-11-05,03:45:00,160.468619685158
11/5/2023 4:00,57.1,4.6,515.9,0.09,515.9,32.57,11644,46.61,252.3,657.6,18425,2023-11-05,04:00:00,160.468619685158
11/5/2023 4:15,57.1,5,510.5,0.08,510.5,31.46,11644,46.61,252.3,657.6,18425,2023-11-05,04:15:00,160.991420503491
11/5/2023 4:30,57.1,5,510.4,0.09,510.4,32.84,11644,46.61,252.3,657.6,18425,2023-11-05,04:30:00,160.468619685158
11/5/2023 4:45,57.1,5.3,510.4,0.15,510.4,31.9,11644,46.61,252.3,657.6,18425,2023-11-05,04:45:00,157.331814775157
11/5/2023 5:00,57.1,5.1,510.4,0.1,510.4,31.53,11644,46.61,252.3,657.6,18425,2023-11-05,05:00:00,159.945818866824
11/5/2023 5:15,57.1,5.1,472.2,0.19,472.2,31.91,11644,46.61,252.3,657.6,18425,2023-11-05,05:15:00,155.240611501823
11/5/2023 5:30,57.1,4.9,471.8,0.1,471.8,29.16,11644,46.61,252.3,657.6,18425,2023-11-05,05:30:00,159.945818866824
11/5/2023 5:45,57.1,5.2,471.8,0.1,471.8,28.83,11644,46.61,252.3,657.6,18425,2023-11-05,05:45:00,159.945818866824
11/5/2023 6:00,57.1,5.2,471.8,0.1,471.8,29.28,11644,46.61,252.3,657.6,18425,2023-11-05,06:00:00,159.945818866824
11/5/2023 6:15,57.1,5.1,464.4,0.09,464.4,28.54,11644,46.61,252.3,657.6,18425,2023-11-05,06:15:00,160.468619685158
11/5/2023 6:30,57.1,5.3,464.3,0.1,464.3,27.32,11644,46.61,252.3,657.6,18425,2023-11-05,06:30:00,159.945818866824
11/5/2023 6:45,57.1,6.9,464.3,0.13,464.3,27.85,11644,46.61,252.3,657.6,18425,2023-11-05,06:45:00,158.377416411824
11/5/2023 7:00,57.1,11.3,464.3,0.1,464.3,28.39,11644,46.61,252.3,657.6,18425,2023-11-05,07:00:00,159.945818866824
11/5/2023 7:15,57.1,18.1,455.3,0.07,455.3,25.93,11644,46.61,252.3,657.6,18425,2023-11-05,07:15:00,161.514221321825
11/5/2023 7:30,57.1,27.4,455.2,0.1,455.2,30.08,11644,46.61,252.3,657.6,18425,2023-11-05,07:30:00,159.945818866824
11/5/2023 7:45,57.1,37.7,455.2,0.1,455.2,27.91,11644,46.61,252.3,657.6,18425,2023-11-05,07:45:00,159.945818866824
11/5/2023 8:00,57.1,50.2,455.2,0.09,455.2,30.83,11644,46.61,252.3,657.6,18425,2023-11-05,08:00:00,160.468619685158
11/5/2023 8:15,57.1,65.1,534.1,0.1,534.1,30.51,11644,46.61,252.3,657.6,18425,2023-11-05,08:15:00,159.945818866824
11/5/2023 8:30,57.1,85.7,534.9,0.1,534.9,33.14,11644,46.61,252.3,657.6,18425,2023-11-05,08:30:00,159.945818866824
11/5/2023 8:45,57.1,110,534.9,0.07,534.9,33.66,11644,46.61,252.3,657.6,18425,2023-11-05,08:45:00,161.514221321825
11/5/2023 9:00,57.1,136.7,534.9,0.06,534.9,39.24,11644,46.61,252.3,657.6,18425,2023-11-05,09:00:00,162.037022140158
11/5/2023 9:15,57.1,166.4,531.3,0.04,531.3,41.86,11644,46.61,252.3,657.6,18425,2023-11-05,09:15:00,163.082623776825
11/5/2023 9:30,57.1,188.7,531.3,0.2,531.3,48.75,11644,46.61,252.3,657.6,18425,2023-11-05,09:30:00,154.71781068349
11/5/2023 9:45,57.1,203.9,531.3,0.19,531.3,42.73,11644,46.61,252.3,657.6,18425,2023-11-05,09:45:00,155.240611501823
11/5/2023 10:00,57.1,219.9,531.3,0.16,531.3,39.64,11644,46.61,252.3,657.6,18425,2023-11-05,09:45:00,156.809013956824
11/5/2023 10:15,57.1,231.4,757.8,0.41,757.8,33.33,11644,46.61,252.3,657.6,18425,2023-11-05,09:45:00,143.738993498487
11/5/2023 10:30,57.1,245.4,760.4,0.57,760.4,32.98,11644,46.61,252.3,657.6,18425,2023-11-05,09:45:00,135.374180405152
11/5/2023 10:45,57.1,264.3,760.4,0.64,760.4,28.88,11644,46.61,252.3,657.6,18425,2023-11-05,09:45:00,131.714574676817
11/5/2023 11:00,57.1,263.1,760.4,0.55,760.4,28.58,11644,46.61,252.3,657.6,18425,2023-11-05,09:45:00,136.419782041819
11/5/2023 11:15,57.1,275.8,687.8,0.65,687.8,28.72,11644,46.61,252.3,657.6,18425,2023-11-05,09:45:00,131.191773858484
11/5/2023 11:30,57.1,284.9,687,0.55,687,31.04,11644,46.61,252.3,657.6,18425,2023-11-05,09:45:00,136.419782041819
11/5/2023 11:45,57.1,285.1,687,0.54,687,29.42,11644,46.61,252.3,657.6,18425,2023-11-05,09:45:00,136.942582860152
11/5/2023 12:00,57.1,287.4,687,0.55,687,28.35,11644,46.61,252.3,657.6,18425,2023-11-05,09:45:00,136.419782041819
11/5/2023 12:15,57.1,309.1,720.9,0.31,720.9,29.64,11644,46.61,252.3,657.6,18425,2023-11-05,09:45:00,148.967001681822
11/5/2023 12:30,57.1,336.5,721.3,0.41,721.3,27.73,11644,46.61,252.3,657.6,18425,2023-11-05,09:45:00,143.738993498487
11/5/2023 12:45,57.1,247.5,721.3,0.36,721.3,27.45,11644,46.61,252.3,657.6,18425,2023-11-05,09:45:00,146.352997590154
11/5/2023 13:00,57.1,258.9,721.3,0.82,721.3,28.08,11644,46.61,252.3,657.6,18425,2023-11-05,09:45:00,122.304159946815
11/5/2023 13:15,57.1,272.1,449.2,0.65,449.2,26.89,11644,46.61,252.3,657.6,18425,2023-11-05,09:45:00,131.191773858484
11/5/2023 13:30,57.1,213.1,446.1,0.58,446.1,25.09,11644,46.61,252.3,657.6,18425,2023-11-05,09:45:00,134.851379586818
11/5/2023 13:45,57.1,200.1,446.1,0.52,446.1,26.45,11644,46.61,252.3,657.6,18425,2023-11-05,09:45:00,137.988184496819
11/5/2023 14:00,57.1,197.3,446.1,0.65,446.1,26.49,11644,46.61,252.3,657.6,18425,2023-11-05,09:45:00,131.191773858484
11/5/2023 14:15,57.1,193.6,484.7,0.67,484.7,26.93,11644,46.61,252.3,657.6,18425,2023-11-05,09:45:00,130.146172221817
11/5/2023 14:30,57.1,197.6,485.2,0.55,485.2,24.46,11644,46.61,252.3,657.6,18425,2023-11-05,09:45:00,136.419782041819
11/5/2023 14:45,57.1,184.2,485.2,0.45,485.2,26.4,11644,46.61,252.3,657.6,18425,2023-11-05,09:45:00,141.647790225153
11/5/2023 15:00,57.1,156.2,485.2,0.55,485.2,27.8,11644,46.61,252.3,657.6,18425,2023-11-05,09:45:00,136.419782041819
11/5/2023 15:15,57.1,130.7,372.9,0.41,372.9,27.45,11644,46.61,252.3,657.6,18425,2023-11-05,09:45:00,143.738993498487
11/5/2023 15:30,57.1,92,371.7,0.33,371.7,24.23,11644,46.61,252.3,657.6,18425,2023-11-05,09:45:00,147.921400045155
11/5/2023 15:45,57.1,80.3,371.7,0.42,371.7,25.77,11644,46.61,252.3,657.6,18425,2023-11-05,09:45:00,143.216192680154
11/5/2023 16:00,57.1,64.2,371.7,0.3,371.7,24.87,11644,46.61,252.3,657.6,18425,2023-11-05,09:45:00,149.489802500155
11/5/2023 16:15,57.1,52.5,351.6,0.07,351.6,27.32,11644,46.61,252.3,657.6,18425,2023-11-05,09:45:00,161.514221321825
11/5/2023 16:30,57.1,41,351.4,0.04,351.4,30.23,11644,46.61,252.3,657.6,18425,2023-11-05,09:45:00,163.082623776825
11/5/2023 16:45,57.1,29.8,351.4,0.09,351.4,32.33,11644,46.61,252.3,657.6,18425,2023-11-05,09:45:00,160.468619685158
11/5/2023 17:00,57.1,19.4,351.4,0.09,351.4,29.63,11644,46.61,252.3,657.6,18425,2023-11-05,09:45:00,160.468619685158
11/5/2023 17:15,57.1,9.6,335.1,0.09,335.1,28.16,11644,46.61,252.3,657.6,18425,2023-11-05,09:45:00,160.468619685158
11/5/2023 17:30,57.1,3.6,334.9,0.09,334.9,35.13,11644,46.61,252.3,657.6,18425,2023-11-05,09:45:00,160.468619685158
11/5/2023 17:45,57.1,1.5,334.9,0.09,334.9,39.03,11644,46.61,252.3,657.6,18425,2023-11-05,09:45:00,160.468619685158
11/5/2023 18:00,57.1,1.6,334.9,0.09,334.9,34.02,11644,46.61,252.3,657.6,18425,2023-11-05,09:45:00,160.468619685158
11/5/2023 18:15,57.1,2,348.7,0.09,348.7,35.19,11644,46.61,252.3,657.6,18425,2023-11-05,09:45:00,160.468619685158
11/5/2023 18:30,57.1,2.8,348.9,0.09,348.9,31.64,11644,46.61,252.3,657.6,18425,2023-11-05,09:45:00,160.468619685158
11/5/2023 18:45,57.1,3.2,348.9,0.09,348.9,34.03,11644,46.61,252.3,657.6,18425,2023-11-05,09:45:00,160.468619685158
11/5/2023 19:00,57.1,3.8,348.9,0.08,348.9,35.04,11644,46.61,252.3,657.6,18425,2023-11-05,09:45:00,160.991420503491
11/5/2023 19:15,57.1,4,419,0.09,419,35.61,11644,46.61,252.3,657.6,18425,2023-11-05,09:45:00,160.468619685158
11/5/2023 19:30,57.1,4.1,419.8,0.09,419.8,36.18,11644,46.61,252.3,657.6,18425,2023-11-05,09:45:00,160.468619685158
11/5/2023 19:45,57.1,4.2,419.8,0.09,419.8,36.73,11644,46.61,252.3,657.6,18425,2023-11-05,09:45:00,160.468619685158
11/5/2023 20:00,57.1,4.3,419.8,0.1,419.8,35.81,11644,46.61,252.3,657.6,18425,2023-11-05,09:45:00,159.945818866824
11/5/2023 20:15,57.1,4.3,503.4,0.09,503.4,37.39,11644,46.61,252.3,657.6,18425,2023-11-05,09:45:00,160.468619685158
11/5/2023 20:30,57.1,4.4,504.4,0.09,504.4,35.6,11644,46.61,252.3,657.6,18425,2023-11-05,09:45:00,160.468619685158
11/5/2023 20:45,57.1,4.3,504.4,0.09,504.4,39.43,11644,46.61,252.3,657.6,18425,2023-11-05,09:45:00,160.468619685158
11/5/2023 21:00,57.1,4.6,504.4,0.09,504.4,39.6,11644,46.61,252.3,657.6,18425,2023-11-05,09:45:00,160.468619685158
11/5/2023 21:15,57.1,4.6,597.5,0.09,597.5,43.51,11644,46.61,252.3,657.6,18425,2023-11-05,09:45:00,160.468619685158
11/5/2023 21:30,57.1,4.7,598.5,0.09,598.5,43.86,11644,46.61,252.3,657.6,18425,2023-11-05,09:45:00,160.468619685158
11/5/2023 21:45,57.1,4.7,598.5,0.09,598.5,45.97,11644,46.61,252.3,657.6,18425,2023-11-05,09:45:00,160.468619685158
11/5/2023 22:00,57.1,5,598.5,0.09,598.5,44.25,11644,46.61,252.3,657.6,18425,2023-11-05,09:45:00,160.468619685158
11/5/2023 22:15,57.1,4.9,710.4,0.09,710.4,43.37,11644,46.61,252.3,657.6,18425,2023-11-05,09:45:00,160.468619685158
11/5/2023 22:30,57.1,5.1,711.6,0.09,711.6,43.74,11644,46.61,252.3,657.6,18425,2023-11-05,09:45:00,160.468619685158
11/5/2023 22:45,57.1,4.7,711.6,0.09,711.6,43.19,11644,46.61,252.3,657.6,18425,2023-11-05,09:45:00,160.468619685158
11/5/2023 23:00,57.1,4.8,711.6,0.09,711.6,41.88,11644,46.61,252.3,657.6,18425,2023-11-05,09:45:00,160.468619685158
11/5/2023 23:15,57.1,4.8,621.5,0.09,621.5,41.78,11644,46.61,252.3,657.6,18425,2023-11-05,09:45:00,160.468619685158
11/5/2023 23:30,57.1,5,620.5,0.1,620.5,37.34,11644,46.61,252.3,657.6,18425,2023-11-05,09:45:00,159.945818866824
11/5/2023 23:45,57.1,4.9,620.5,0.09,620.5,32.96,11644,46.61,252.3,657.6,18425,2023-11-05,09:45:00,160.468619685158
11/6/2023 0:00,57.1,4.9,620.5,0.09,620.5,32.96,11644,46.61,252.3,657.6,18425,2023-11-06,00:00:00,160.468619685158
11/6/2023 0:15,57.1,5.3,632.5,0.09,632.5,35.84,11644,46.61,252.3,657.6,18425,2023-11-06,00:15:00,160.468619685158
11/6/2023 0:30,57.1,5.1,632.7,0.1,632.7,32.3,11644,46.61,252.3,657.6,18425,2023-11-06,00:30:00,159.945818866824
11/6/2023 0:45,57.1,5.2,632.7,0.09,632.7,35.27,11644,46.61,252.3,657.6,18425,2023-11-06,00:45:00,160.468619685158
11/6/2023 1:00,57.1,5.5,632.7,0.23,632.7,35.79,11644,46.61,252.3,657.6,18425,2023-11-06,01:00:00,153.149408228489
11/6/2023 1:15,57.1,5.4,535.5,0.09,535.5,33.91,11644,46.61,252.3,657.6,18425,2023-11-06,01:15:00,160.468619685158
11/6/2023 1:30,57.1,5.5,534.4,0.39,534.4,33.12,11644,46.61,252.3,657.6,18425,2023-11-06,01:30:00,144.784595135154
11/6/2023 1:45,57.1,4.7,534.4,0.09,534.4,34.87,11644,46.61,252.3,657.6,18425,2023-11-06,01:45:00,160.468619685158
11/6/2023 2:00,57.1,4.8,534.4,0.09,534.4,37.11,11644,46.61,252.3,657.6,18425,2023-11-06,02:00:00,160.468619685158
11/6/2023 2:15,57.1,4.8,492.2,0.09,492.2,35.8,11644,46.61,252.3,657.6,18425,2023-11-06,02:15:00,160.468619685158
11/6/2023 2:30,57.1,4.9,491.7,0.09,491.7,32.86,11644,46.61,252.3,657.6,18425,2023-11-06,02:30:00,160.468619685158
11/6/2023 2:45,57.1,4.9,491.7,0.09,491.7,32.14,11644,46.61,252.3,657.6,18425,2023-11-06,02:45:00,160.468619685158
11/6/2023 3:00,57.1,5.1,491.7,0.08,491.7,35.32,11644,46.61,252.3,657.6,18425,2023-11-06,03:00:00,160.991420503491
11/6/2023 3:15,57.1,4.9,450.2,0.09,450.2,34.67,11644,46.61,252.3,657.6,18425,2023-11-06,03:15:00,160.468619685158
11/6/2023 3:30,57.1,5,449.8,0.1,449.8,35.01,11644,46.61,252.3,657.6,18425,2023-11-06,03:30:00,159.945818866824
11/6/2023 3:45,57.1,5.2,449.8,0.1,449.8,32.79,11644,46.61,252.3,657.6,18425,2023-11-06,03:45:00,159.945818866824
11/6/2023 4:00,57.1,5.2,449.8,0.1,449.8,30.52,11644,46.61,252.3,657.6,18425,2023-11-06,04:00:00,159.945818866824
11/6/2023 4:15,57.1,5.3,422.3,0.1,422.3,28.44,11644,46.61,252.3,657.6,18425,2023-11-06,04:15:00,159.945818866824
11/6/2023 4:30,57.1,5.1,422,0.1,422,31.11,11644,46.61,252.3,657.6,18425,2023-11-06,04:30:00,159.945818866824
11/6/2023 4:45,57.1,5.5,422,0.09,422,26.44,11644,46.61,252.3,657.6,18425,2023-11-06,04:45:00,160.468619685158
11/6/2023 5:00,57.1,5.3,422,0.1,422,29.57,11644,46.61,252.3,657.6,18425,2023-11-06,05:00:00,159.945818866824
11/6/2023 5:15,57.1,5,417.8,0.09,417.8,28.35,11644,46.61,252.3,657.6,18425,2023-11-06,05:15:00,160.468619685158
11/6/2023 5:30,57.1,5,417.8,0.1,417.8,27.23,11644,46.61,252.3,657.6,18425,2023-11-06,05:30:00,159.945818866824
11/6/2023 5:45,57.1,5.1,417.8,0.1,417.8,30.47,11644,46.61,252.3,657.6,18425,2023-11-06,05:45:00,159.945818866824
11/6/2023 6:00,57.1,5,417.8,0.09,417.8,28.24,11644,46.61,252.3,657.6,18425,2023-11-06,06:00:00,160.468619685158
11/6/2023 6:15,57.1,4.9,426.1,0.1,426.1,27.13,11644,46.61,252.3,657.6,18425,2023-11-06,06:15:00,159.945818866824
11/6/2023 6:30,57.1,5.5,426.2,0.1,426.2,31.66,11644,46.61,252.3,657.6,18425,2023-11-06,06:30:00,159.945818866824
11/6/2023 6:45,57.1,7.6,426.2,0.1,426.2,30.26,11644,46.61,252.3,657.6,18425,2023-11-06,06:45:00,159.945818866824
11/6/2023 7:00,57.1,13.7,426.2,0.09,426.2,29.3,11644,46.61,252.3,657.6,18425,2023-11-06,07:00:00,160.468619685158
11/6/2023 7:15,57.1,21.8,416.9,0.1,416.9,28,11644,46.61,252.3,657.6,18425,2023-11-06,07:15:00,159.945818866824
11/6/2023 7:30,57.1,32.1,416.8,0.09,416.8,23.55,11644,46.61,252.3,657.6,18425,2023-11-06,07:30:00,160.468619685158
11/6/2023 7:45,57.1,44,416.8,0.1,416.8,30.05,11644,46.61,252.3,657.6,18425,2023-11-06,07:45:00,159.945818866824
11/6/2023 8:00,57.1,56.6,416.8,0.09,416.8,31.46,11644,46.61,252.3,657.6,18425,2023-11-06,08:00:00,160.468619685158
11/6/2023 8:15,57.1,69.4,411.5,0.1,411.5,33.33,11644,46.61,252.3,657.6,18425,2023-11-06,08:15:00,159.945818866824
11/6/2023 8:30,57.1,94.1,411.4,0.11,411.4,39.18,11644,46.61,252.3,657.6,18425,2023-11-06,08:30:00,159.423018048491
11/6/2023 8:45,57.1,127.7,411.4,0.34,411.4,50.72,11644,46.61,252.3,657.6,18425,2023-11-06,08:45:00,147.398599226821
11/6/2023 9:00,57.1,147.8,411.4,0.92,411.4,58.78,11644,46.61,252.3,657.6,18425,2023-11-06,09:00:00,117.07615176348
11/6/2023 9:15,57.1,167.3,460,0.52,460,59.66,11644,46.61,252.3,657.6,18425,2023-11-06,09:15:00,137.988184496819
11/6/2023 9:30,57.1,180,460.6,0.41,460.6,59.44,11644,46.61,252.3,657.6,18425,2023-11-06,09:30:00,143.738993498487
11/6/2023 9:45,57.1,200.6,460.6,0.54,460.6,62.4,11644,46.61,252.3,657.6,18425,2023-11-06,09:45:00,136.942582860152
11/6/2023 10:00,57.1,227.2,460.6,0.65,460.6,56.18,11644,46.61,252.3,657.6,18425,2023-11-06,09:45:00,131.191773858484
11/6/2023 10:15,57.1,242.2,450.6,0.71,450.6,36.44,11644,46.61,252.3,657.6,18425,2023-11-06,09:45:00,128.054968948483
11/6/2023 10:30,57.1,258.9,450.5,0.74,450.5,35.83,11644,46.61,252.3,657.6,18425,2023-11-06,09:45:00,126.486566493483
11/6/2023 10:45,57.1,268.2,450.5,0.54,450.5,40.73,11644,46.61,252.3,657.6,18425,2023-11-06,09:45:00,136.942582860152
11/6/2023 11:00,57.1,281.8,450.5,0.56,450.5,36.6,11644,46.61,252.3,657.6,18425,2023-11-06,09:45:00,135.896981223485
11/6/2023 11:15,57.1,304.4,360.5,0.86,360.5,33.86,11644,46.61,252.3,657.6,18425,2023-11-06,09:45:00,120.212956673481
11/6/2023 11:30,57.1,304.6,359.5,0.9,359.5,30.21,11644,46.61,252.3,657.6,18425,2023-11-06,09:45:00,118.121753400147
11/6/2023 11:45,57.1,316.8,359.5,1.46,359.5,27.23,11644,46.61,252.3,657.6,18425,2023-11-06,09:45:00,88.8449075734731
11/6/2023 12:00,57.1,318,359.5,1.16,359.5,28.42,11644,46.61,252.3,657.6,18425,2023-11-06,09:45:00,104.528932123477
11/6/2023 12:15,57.1,319,287.5,0.86,287.5,27.75,11644,46.61,252.3,657.6,18425,2023-11-06,09:45:00,120.212956673481
11/6/2023 12:30,57.1,319.1,286.7,0.88,286.7,23.7,11644,46.61,252.3,657.6,18425,2023-11-06,09:45:00,119.167355036814
11/6/2023 12:45,57.1,276.3,286.7,0.69,286.7,25.28,11644,46.61,252.3,657.6,18425,2023-11-06,09:45:00,129.10057058515
11/6/2023 13:00,57.1,310.1,286.7,0.49,286.7,27.32,11644,46.61,252.3,657.6,18425,2023-11-06,09:45:00,139.556586951819
11/6/2023 13:15,57.1,304.3,226,0.66,226,22.7,11644,46.61,252.3,657.6,18425,2023-11-06,09:45:00,130.66897304015
11/6/2023 13:30,57.1,290.5,225.3,0.75,225.3,22.56,11644,46.61,252.3,657.6,18425,2023-11-06,09:45:00,125.963765675149
11/6/2023 13:45,57.1,287,225.3,0.45,225.3,27.21,11644,46.61,252.3,657.6,18425,2023-11-06,09:45:00,141.647790225153
11/6/2023 14:00,57.1,271,225.3,0.49,225.3,25.09,11644,46.61,252.3,657.6,18425,2023-11-06,09:45:00,139.556586951819
11/6/2023 14:15,57.1,244.6,241,0.47,241,26.56,11644,46.61,252.3,657.6,18425,2023-11-06,09:45:00,140.602188588486
11/6/2023 14:30,57.1,239.2,241.2,0.33,241.2,24,11644,46.61,252.3,657.6,18425,2023-11-06,09:45:00,147.921400045155
11/6/2023 14:45,57.1,218.9,241.2,0.47,241.2,27.19,11644,46.61,252.3,657.6,18425,2023-11-06,09:45:00,140.602188588486
11/6/2023 15:00,57.1,199.5,241.2,0.5,241.2,26.34,11644,46.61,252.3,657.6,18425,2023-11-06,09:45:00,139.033786133486
11/6/2023 15:15,57.1,144.2,270.7,0.28,270.7,23.77,11644,46.61,252.3,657.6,18425,2023-11-06,09:45:00,150.535404136822
11/6/2023 15:30,57.1,85.7,271,0.33,271,27.15,11644,46.61,252.3,657.6,18425,2023-11-06,09:45:00,147.921400045155
11/6/2023 15:45,57.1,74.1,271,0.18,271,31.68,11644,46.61,252.3,657.6,18425,2023-11-06,09:45:00,155.763412320157
11/6/2023 16:00,57.1,67.1,271,0.24,271,26.46,11644,46.61,252.3,657.6,18425,2023-11-06,09:45:00,152.626607410156
11/6/2023 16:15,57.1,52,302.8,0.06,302.8,25.53,11644,46.61,252.3,657.6,18425,2023-11-06,09:45:00,162.037022140158
11/6/2023 16:30,57.1,38.8,303.2,0.09,303.2,26.6,11644,46.61,252.3,657.6,18425,2023-11-06,09:45:00,160.468619685158
11/6/2023 16:45,57.1,27.7,303.2,0.09,303.2,30.43,11644,46.61,252.3,657.6,18425,2023-11-06,09:45:00,160.468619685158
11/6/2023 17:00,57.1,17.8,303.2,0.08,303.2,33.94,11644,46.61,252.3,657.6,18425,2023-11-06,09:45:00,160.991420503491
11/6/2023 17:15,57.1,9.5,303.2,0.09,303.2,35.74,11644,46.61,252.3,657.6,18425,2023-11-06,09:45:00,160.468619685158
11/6/2023 17:30,57.1,3.2,303.2,0.09,303.2,42.98,11644,46.61,252.3,657.6,18425,2023-11-06,09:45:00,160.468619685158
11/6/2023 17:45,57.1,1.2,303.2,0.09,303.2,46.91,11644,46.61,252.3,657.6,18425,2023-11-06,09:45:00,160.468619685158
11/6/2023 18:00,57.1,1.3,303.2,0.09,303.2,47.49,11644,46.61,252.3,657.6,18425,2023-11-06,09:45:00,160.468619685158
11/6/2023 18:15,57.1,2,303.2,0.09,303.2,48.59,11644,46.61,252.3,657.6,18425,2023-11-06,09:45:00,160.468619685158
11/6/2023 18:30,57.1,2.6,303.2,0.09,303.2,47.59,11644,46.61,252.3,657.6,18425,2023-11-06,09:45:00,160.468619685158
11/6/2023 18:45,57.1,3,303.2,0.09,303.2,49.89,11644,46.61,252.3,657.6,18425,2023-11-06,09:45:00,160.468619685158
11/6/2023 19:00,57.1,3.3,303.2,0.09,303.2,52.05,11644,46.61,252.3,657.6,18425,2023-11-06,09:45:00,160.468619685158
11/6/2023 19:15,57.1,3.7,874.3,0.09,874.3,52.62,11644,46.61,252.3,657.6,18425,2023-11-06,09:45:00,160.468619685158
11/6/2023 19:30,57.1,4,866.7,0.09,866.7,52.89,11644,46.61,252.3,657.6,18425,2023-11-06,09:45:00,160.468619685158
11/6/2023 19:45,57.1,4.2,866.7,0.09,866.7,52.37,11644,46.61,252.3,657.6,18425,2023-11-06,09:45:00,160.468619685158
11/6/2023 20:00,57.1,4.3,866.7,0.09,866.7,55.4,11644,46.61,252.3,657.6,18425,2023-11-06,09:45:00,160.468619685158
11/6/2023 20:15,57.1,4.2,565.6,0.09,565.6,54.38,11644,46.61,252.3,657.6,18425,2023-11-06,09:45:00,160.468619685158
11/6/2023 20:30,57.1,4.4,562.2,0.09,562.2,55.85,11644,46.61,252.3,657.6,18425,2023-11-06,09:45:00,160.468619685158
11/6/2023 20:45,57.1,4.6,562.2,0.09,562.2,52.2,11644,46.61,252.3,657.6,18425,2023-11-06,09:45:00,160.468619685158
11/6/2023 21:00,57.1,4.5,562.2,0.09,562.2,56.87,11644,46.61,252.3,657.6,18425,2023-11-06,09:45:00,160.468619685158
11/6/2023 21:15,57.1,4.7,539.3,0.09,539.3,51.45,11644,46.61,252.3,657.6,18425,2023-11-06,09:45:00,160.468619685158
11/6/2023 21:30,57.1,4.5,539,0.09,539,53.04,11644,46.61,252.3,657.6,18425,2023-11-06,09:45:00,160.468619685158
11/6/2023 21:45,57.1,4.6,539,0.09,539,53.4,11644,46.61,252.3,657.6,18425,2023-11-06,09:45:00,160.468619685158
11/6/2023 22:00,57.1,4.9,539,0.09,539,53.82,11644,46.61,252.3,657.6,18425,2023-11-06,09:45:00,160.468619685158
11/6/2023 22:15,57.1,4.7,559,0.09,559,51.44,11644,46.61,252.3,657.6,18425,2023-11-06,09:45:00,160.468619685158
11/6/2023 22:30,57.1,4.8,559.2,0.09,559.2,52.42,11644,46.61,252.3,657.6,18425,2023-11-06,09:45:00,160.468619685158
11/6/2023 22:45,57.1,5.2,559.2,0.1,559.2,49.89,11644,46.61,252.3,657.6,18425,2023-11-06,09:45:00,159.945818866824
11/6/2023 23:00,57.1,5.1,559.2,0.1,559.2,48.27,11644,46.61,252.3,657.6,18425,2023-11-06,09:45:00,159.945818866824
11/6/2023 23:15,57.1,4.8,517.1,0.09,517.1,46.18,11644,46.61,252.3,657.6,18425,2023-11-06,09:45:00,160.468619685158
11/6/2023 23:30,57.1,4.8,516.6,0.13,516.6,43.31,11644,46.61,252.3,657.6,18425,2023-11-06,09:45:00,158.377416411824
11/6/2023 23:45,57.1,4.7,516.6,0.09,516.6,40.43,11644,46.61,252.3,657.6,18425,2023-11-06,09:45:00,160.468619685158
11/7/2023 0:00,57.1,4.7,516.6,0.09,516.6,40.43,11644,46.61,252.3,657.6,18425,2023-11-07,00:00:00,160.468619685158
11/7/2023 0:15,57.1,4.7,505.6,0.1,505.6,36.31,11644,46.61,252.3,657.6,18425,2023-11-07,00:15:00,159.945818866824
11/7/2023 0:30,57.1,4.8,505.5,0.1,505.5,41.42,11644,46.61,252.3,657.6,18425,2023-11-07,00:30:00,159.945818866824
11/7/2023 0:45,57.1,4.9,505.5,0.07,505.5,39.13,11644,46.61,252.3,657.6,18425,2023-11-07,00:45:00,161.514221321825
11/7/2023 1:00,57.1,5,505.5,0.1,505.5,35.78,11644,46.61,252.3,657.6,18425,2023-11-07,01:00:00,159.945818866824
11/7/2023 1:15,57.1,4.9,422.6,0.07,422.6,35.22,11644,46.61,252.3,657.6,18425,2023-11-07,01:15:00,161.514221321825
11/7/2023 1:30,57.1,5,421.7,0.21,421.7,37.54,11644,46.61,252.3,657.6,18425,2023-11-07,01:30:00,154.195009865156
11/7/2023 1:45,57.1,4.7,421.7,0.1,421.7,31.04,11644,46.61,252.3,657.6,18425,2023-11-07,01:45:00,159.945818866824
11/7/2023 2:00,57.1,4.8,421.7,0.1,421.7,33.83,11644,46.61,252.3,657.6,18425,2023-11-07,02:00:00,159.945818866824
11/7/2023 2:15,57.1,4.7,348.2,0.11,348.2,33.61,11644,46.61,252.3,657.6,18425,2023-11-07,02:15:00,159.423018048491
11/7/2023 2:30,57.1,4.9,347.3,0.11,347.3,34.68,11644,46.61,252.3,657.6,18425,2023-11-07,02:30:00,159.423018048491
11/7/2023 2:45,57.1,4.6,347.3,0.11,347.3,36.98,11644,46.61,252.3,657.6,18425,2023-11-07,02:45:00,159.423018048491
11/7/2023 3:00,57.1,4.8,347.3,0.11,347.3,27.71,11644,46.61,252.3,657.6,18425,2023-11-07,03:00:00,159.423018048491
11/7/2023 3:15,57.1,5.1,313.2,0.11,313.2,30.07,11644,46.61,252.3,657.6,18425,2023-11-07,03:15:00,159.423018048491
11/7/2023 3:30,57.1,4.8,312.8,0.06,312.8,28.68,11644,46.61,252.3,657.6,18425,2023-11-07,03:30:00,162.037022140158
11/7/2023 3:45,57.1,5.3,312.8,0.09,312.8,27.65,11644,46.61,252.3,657.6,18425,2023-11-07,03:45:00,160.468619685158
11/7/2023 4:00,57.1,5.2,312.8,0.11,312.8,31.08,11644,46.61,252.3,657.6,18425,2023-11-07,04:00:00,159.423018048491
11/7/2023 4:15,57.1,5.2,322.3,0.1,322.3,31.97,11644,46.61,252.3,657.6,18425,2023-11-07,04:15:00,159.945818866824
11/7/2023 4:30,57.1,5.2,322.4,0.17,322.4,28.92,11644,46.61,252.3,657.6,18425,2023-11-07,04:30:00,156.28621313849
11/7/2023 4:45,57.1,5.1,322.4,0.1,322.4,30.68,11644,46.61,252.3,657.6,18425,2023-11-07,04:45:00,159.945818866824
11/7/2023 5:00,57.1,5.2,322.4,0.11,322.4,26.2,11644,46.61,252.3,657.6,18425,2023-11-07,05:00:00,159.423018048491
11/7/2023 5:15,57.1,5,343.9,0.11,343.9,28.85,11644,46.61,252.3,657.6,18425,2023-11-07,05:15:00,159.423018048491
11/7/2023 5:30,57.1,5,344.1,0.09,344.1,30.36,11644,46.61,252.3,657.6,18425,2023-11-07,05:30:00,160.468619685158
11/7/2023 5:45,57.1,5,344.1,0.1,344.1,30.83,11644,46.61,252.3,657.6,18425,2023-11-07,05:45:00,159.945818866824
11/7/2023 6:00,57.1,4.9,344.1,0.1,344.1,29.08,11644,46.61,252.3,657.6,18425,2023-11-07,06:00:00,159.945818866824
11/7/2023 6:15,57.1,5,369.4,0.09,369.4,31.21,11644,46.61,252.3,657.6,18425,2023-11-07,06:15:00,160.468619685158
11/7/2023 6:30,57.1,5.6,369.7,0.14,369.7,30.74,11644,46.61,252.3,657.6,18425,2023-11-07,06:30:00,157.854615593491
11/7/2023 6:45,57.1,7.3,369.7,0.09,369.7,28.7,11644,46.61,252.3,657.6,18425,2023-11-07,06:45:00,160.468619685158
11/7/2023 7:00,57.1,12,369.7,0.09,369.7,28.72,11644,46.61,252.3,657.6,18425,2023-11-07,07:00:00,160.468619685158
11/7/2023 7:15,57.1,19.7,336.1,0.13,336.1,27.8,11644,46.61,252.3,657.6,18425,2023-11-07,07:15:00,158.377416411824
11/7/2023 7:30,57.1,29.4,335.7,0.09,335.7,29.66,11644,46.61,252.3,657.6,18425,2023-11-07,07:30:00,160.468619685158
11/7/2023 7:45,57.1,40.2,335.7,0.09,335.7,32.59,11644,46.61,252.3,657.6,18425,2023-11-07,07:45:00,160.468619685158
11/7/2023 8:00,57.1,51.8,335.7,0.09,335.7,32.65,11644,46.61,252.3,657.6,18425,2023-11-07,08:00:00,160.468619685158
11/7/2023 8:15,57.1,64.9,436.6,0.11,436.6,36.15,11644,46.61,252.3,657.6,18425,2023-11-07,08:15:00,159.423018048491
11/7/2023 8:30,57.1,84.3,437.8,0.15,437.8,42.86,11644,46.61,252.3,657.6,18425,2023-11-07,08:30:00,157.331814775157
11/7/2023 8:45,57.1,108.2,437.8,0.27,437.8,48.16,11644,46.61,252.3,657.6,18425,2023-11-07,08:45:00,151.058204955156
11/7/2023 9:00,57.1,126.7,437.8,0.19,437.8,49.1,11644,46.61,252.3,657.6,18425,2023-11-07,09:00:00,155.240611501823
11/7/2023 9:15,57.1,148.6,504,0.62,504,49.32,11644,46.61,252.3,657.6,18425,2023-11-07,09:15:00,132.760176313484
11/7/2023 9:30,57.1,171.1,504.7,0.63,504.7,50.81,11644,46.61,252.3,657.6,18425,2023-11-07,09:30:00,132.237375495151
11/7/2023 9:45,57.1,190.6,504.7,0.51,504.7,47.49,11644,46.61,252.3,657.6,18425,2023-11-07,09:45:00,138.510985315152
11/7/2023 10:00,57.1,204.3,504.7,0.8,504.7,56.03,11644,46.61,252.3,657.6,18425,2023-11-07,09:45:00,123.349761583482
11/7/2023 10:15,57.1,223.5,500.8,0.48,500.8,66.42,11644,46.61,252.3,657.6,18425,2023-11-07,09:45:00,140.079387770153
11/7/2023 10:30,57.1,238.6,500.8,0.76,500.8,69.91,11644,46.61,252.3,657.6,18425,2023-11-07,09:45:00,125.440964856816
11/7/2023 10:45,57.1,253.2,500.8,0.55,500.8,46.66,11644,46.61,252.3,657.6,18425,2023-11-07,09:45:00,136.419782041819
11/7/2023 11:00,57.1,269.5,500.8,0.72,500.8,45.21,11644,46.61,252.3,657.6,18425,2023-11-07,09:45:00,127.53216813015
11/7/2023 11:15,57.1,276.3,477.2,0.73,477.2,42.99,11644,46.61,252.3,657.6,18425,2023-11-07,09:45:00,127.009367311816
11/7/2023 11:30,57.1,285.3,477,0.87,477,34.05,11644,46.61,252.3,657.6,18425,2023-11-07,09:45:00,119.690155855148
11/7/2023 11:45,57.1,293.9,477,0.6,477,37.16,11644,46.61,252.3,657.6,18425,2023-11-07,09:45:00,133.805777950151
11/7/2023 12:00,57.1,290.6,477,0.98,477,32.66,11644,46.61,252.3,657.6,18425,2023-11-07,09:45:00,113.939346853479
11/7/2023 12:15,57.1,288.3,462.5,0.61,462.5,28.37,11644,46.61,252.3,657.6,18425,2023-11-07,09:45:00,133.282977131818
11/7/2023 12:30,57.1,279.9,462.4,0.75,462.4,20.34,11644,46.61,252.3,657.6,18425,2023-11-07,09:45:00,125.963765675149
11/7/2023 12:45,57.1,246.6,462.4,0.83,462.4,27.66,11644,46.61,252.3,657.6,18425,2023-11-07,09:45:00,121.781359128481
11/7/2023 13:00,57.1,282.2,462.4,0.27,462.4,30.12,11644,46.61,252.3,657.6,18425,2023-11-07,09:45:00,151.058204955156
11/7/2023 13:15,57.1,267.6,432.4,0.53,432.4,28.63,11644,46.61,252.3,657.6,18425,2023-11-07,09:45:00,137.465383678485
11/7/2023 13:30,57.1,256,432.1,0.36,432.1,33.31,11644,46.61,252.3,657.6,18425,2023-11-07,09:45:00,146.352997590154
11/7/2023 13:45,57.1,237.3,432.1,0.37,432.1,28.32,11644,46.61,252.3,657.6,18425,2023-11-07,09:45:00,145.830196771821
11/7/2023 14:00,57.1,214.7,432.1,0.35,432.1,27.95,11644,46.61,252.3,657.6,18425,2023-11-07,09:45:00,146.875798408488
11/7/2023 14:15,57.1,201.1,401.7,0.26,401.7,26.31,11644,46.61,252.3,657.6,18425,2023-11-07,09:45:00,151.581005773489
11/7/2023 14:30,57.1,166.5,401.4,0.43,401.4,25.44,11644,46.61,252.3,657.6,18425,2023-11-07,09:45:00,142.69339186182
11/7/2023 14:45,57.1,149.7,401.4,0.57,401.4,26.69,11644,46.61,252.3,657.6,18425,2023-11-07,09:45:00,135.374180405152
11/7/2023 15:00,57.1,150,401.4,0.71,401.4,26.82,11644,46.61,252.3,657.6,18425,2023-11-07,09:45:00,128.054968948483
11/7/2023 15:15,57.1,125.2,359.8,0.55,359.8,29.02,11644,46.61,252.3,657.6,18425,2023-11-07,09:45:00,136.419782041819
11/7/2023 15:30,57.1,86.7,359.3,0.5,359.3,26.96,11644,46.61,252.3,657.6,18425,2023-11-07,09:45:00,139.033786133486
11/7/2023 15:45,57.1,72.6,359.3,0.31,359.3,32.39,11644,46.61,252.3,657.6,18425,2023-11-07,09:45:00,148.967001681822
11/7/2023 16:00,57.1,62.6,359.3,0.17,359.3,33.6,11644,46.61,252.3,657.6,18425,2023-11-07,09:45:00,156.28621313849
11/7/2023 16:15,57.1,47.3,362,0.27,362,35.6,11644,46.61,252.3,657.6,18425,2023-11-07,09:45:00,151.058204955156
11/7/2023 16:30,57.1,35.8,362,0.18,362,33.82,11644,46.61,252.3,657.6,18425,2023-11-07,09:45:00,155.763412320157
11/7/2023 16:45,57.1,26.1,362,0.34,362,36.14,11644,46.61,252.3,657.6,18425,2023-11-07,09:45:00,147.398599226821
11/7/2023 17:00,57.1,17.4,362,0.37,362,32.71,11644,46.61,252.3,657.6,18425,2023-11-07,09:45:00,145.830196771821
11/7/2023 17:15,57.1,9.5,390,0.12,390,30.2,11644,46.61,252.3,657.6,18425,2023-11-07,09:45:00,158.900217230158
11/7/2023 17:30,57.1,4,390.3,0.11,390.3,34,11644,46.61,252.3,657.6,18425,2023-11-07,09:45:00,159.423018048491
11/7/2023 17:45,57.1,1.6,390.3,0.09,390.3,40.67,11644,46.61,252.3,657.6,18425,2023-11-07,09:45:00,160.468619685158
11/7/2023 18:00,57.1,1.4,390.3,0.08,390.3,46.76,11644,46.61,252.3,657.6,18425,2023-11-07,09:45:00,160.991420503491
11/7/2023 18:15,57.1,1.8,440.2,0.09,440.2,42.14,11644,46.61,252.3,657.6,18425,2023-11-07,09:45:00,160.468619685158
11/7/2023 18:30,57.1,2.4,440.8,0.09,440.8,41.86,11644,46.61,252.3,657.6,18425,2023-11-07,09:45:00,160.468619685158
11/7/2023 18:45,57.1,3,440.8,0.09,440.8,55.43,11644,46.61,252.3,657.6,18425,2023-11-07,09:45:00,160.468619685158
11/7/2023 19:00,57.1,3.2,440.8,0.09,440.8,50.79,11644,46.61,252.3,657.6,18425,2023-11-07,09:45:00,160.468619685158
11/7/2023 19:15,57.1,3.6,479.4,0.09,479.4,57.93,11644,46.61,252.3,657.6,18425,2023-11-07,09:45:00,160.468619685158
11/7/2023 19:30,57.1,3.8,479.8,0.09,479.8,59.83,11644,46.61,252.3,657.6,18425,2023-11-07,09:45:00,160.468619685158
11/7/2023 19:45,57.1,4.1,479.8,0.09,479.8,69.79,11644,46.61,252.3,657.6,18425,2023-11-07,09:45:00,160.468619685158
11/7/2023 20:00,57.1,4.1,479.8,0.09,479.8,67.8,11644,46.61,252.3,657.6,18425,2023-11-07,09:45:00,160.468619685158
11/7/2023 20:15,57.1,4.4,428.7,0.09,428.7,69.71,11644,46.61,252.3,657.6,18425,2023-11-07,09:45:00,160.468619685158
11/7/2023 20:30,57.1,4.5,428.1,0.09,428.1,71.66,11644,46.61,252.3,657.6,18425,2023-11-07,09:45:00,160.468619685158
11/7/2023 20:45,57.1,4.5,428.1,0.09,428.1,71.42,11644,46.61,252.3,657.6,18425,2023-11-07,09:45:00,160.468619685158
11/7/2023 21:00,57.1,4.6,428.1,0.13,428.1,79.62,11644,46.61,252.3,657.6,18425,2023-11-07,09:45:00,158.377416411824
11/7/2023 21:15,57.1,4.6,628.1,0.25,628.1,63.75,11644,46.61,252.3,657.6,18425,2023-11-07,09:45:00,152.103806591823
11/7/2023 21:30,57.1,4.7,630.3,0.09,630.3,62.83,11644,46.61,252.3,657.6,18425,2023-11-07,09:45:00,160.468619685158
11/7/2023 21:45,57.1,4.5,630.3,0.09,630.3,69.03,11644,46.61,252.3,657.6,18425,2023-11-07,09:45:00,160.468619685158
11/7/2023 22:00,57.1,4.5,630.3,0.09,630.3,77.25,11644,46.61,252.3,657.6,18425,2023-11-07,09:45:00,160.468619685158
11/7/2023 22:15,57.1,4.8,608.3,0.17,608.3,78.61,11644,46.61,252.3,657.6,18425,2023-11-07,09:45:00,156.28621313849
11/7/2023 22:30,57.1,4.5,608.1,0.09,608.1,76.29,11644,46.61,252.3,657.6,18425,2023-11-07,09:45:00,160.468619685158
11/7/2023 22:45,57.1,4.4,608.1,0.09,608.1,74.67,11644,46.61,252.3,657.6,18425,2023-11-07,09:45:00,160.468619685158
11/7/2023 23:00,57.1,4.7,608.1,0.21,608.1,74.73,11644,46.61,252.3,657.6,18425,2023-11-07,09:45:00,154.195009865156
11/7/2023 23:15,57.1,4.8,593.8,0.08,593.8,69.97,11644,46.61,252.3,657.6,18425,2023-11-07,09:45:00,160.991420503491
11/7/2023 23:30,57.1,4.8,593.6,0.09,593.6,67.66,11644,46.61,252.3,657.6,18425,2023-11-07,09:45:00,160.468619685158
11/7/2023 23:45,57.1,5,593.6,0.09,593.6,69.19,11644,46.61,252.3,657.6,18425,2023-11-07,09:45:00,160.468619685158
